school,season,playersall,value,avgrankpointsthisseason,pool,conference,multiyearrate,market,footballEntertainment,oppschedulerank,realrev,laggedRecruitingScore
Clemson,2006,16,4870,6.00,261212.19,ACC,950,629234.94,0.978,3.161,37681456,58.00
Clemson,2007,17,5392,5.25,270487.53,ACC,955,629234.94,0.963,3.529,37740148,179.37
Clemson,2008,19,6210,1.53,254034.34,ACC,967,629234.94,0.949,2.080,38772212,153.65
Clemson,2009,19,6759,1.50,265529.78,ACC,977,629234.94,0.949,2.552,34248068,145.22
Clemson,2010,19,7035,0.00,317973.28,ACC,983,629234.94,0.941,2.872,34489176,217.21
Clemson,2011,18,6869,10.75,408329.53,ACC,985,629234.94,0.868,3.298,41314836,232.26
Clemson,2012,23,8438,13.13,497191.88,ACC,983,629234.94,0.772,4.092,42593928,221.47
Clemson,2013,25,9821,19.53,410733.31,ACC,984,629234.94,0.890,3.427,43160988,271.35
Clemson,2014,23,8485,4.41,446823.56,ACC,983,629234.94,0.926,3.801,44003752,207.86
Clemson,2015,24,10070,20.50,467082.50,ACC,980,629234.94,0.971,5.015,45930088,218.08
North Carolina St.,2006,9,2115,0.00,1738695.50,ACC,941,390402.53,1.397,2.353,21305690,26.51
North Carolina St.,2007,7,1676,0.00,1585745.63,ACC,933,390402.53,1.581,3.908,22802748,149.75
North Carolina St.,2008,10,2075,0.00,1622597.63,ACC,937,390402.53,1.574,2.688,23978464,194.13
North Carolina St.,2009,11,2772,0.00,1388392.00,ACC,929,390402.53,2.257,2.680,24330098,155.87
North Carolina St.,2010,10,2718,0.75,1366236.13,ACC,931,390402.53,2.191,3.172,23757328,187.69
North Carolina St.,2011,9,2280,0.00,1366632.75,ACC,947,390402.53,2.287,1.878,26852110,154.99
North Carolina St.,2012,7,2282,0.00,1380115.25,ACC,950,390402.53,1.485,1.446,32860016,166.16
North Carolina St.,2013,7,1834,0.00,1532318.13,ACC,960,390402.53,1.346,1.229,38678392,218.20
North Carolina St.,2014,13,4200,0.00,1523585.50,ACC,969,390402.53,1.441,2.037,40039180,192.15
North Carolina St.,2015,17,5831,0.00,1661230.13,ACC,957,390402.53,2.191,2.684,39539832,208.25
Louisville,2007,10,2858,3.69,851334.38,Big East,930,799475.19,2.147,1.182,18379950,135.36
Louisville,2008,6,1665,0.00,679516.69,Big East,926,799475.19,2.978,1.628,20883426,137.31
Louisville,2009,4,809,0.00,624923.56,Big East,908,799475.19,2.985,1.897,17168260,109.80
Louisville,2010,8,3439,0.00,449699.34,Big East,911,799475.19,3.132,1.546,27889840,176.69
Louisville,2011,14,5542,0.00,452807.00,Big East,924,799475.19,2.610,1.435,25033672,201.32
Louisville,2012,14,6299,7.38,450079.91,Big East,947,799475.19,2.662,2.114,28967712,165.31
Louisville,2013,16,6548,12.35,446959.44,AAC,977,799475.19,2.382,1.022,26973968,175.97
Louisville,2014,16,5944,1.24,521059.75,ACC,982,799475.19,2.456,2.570,36420180,174.46
Louisville,2015,7,3149,0.00,560946.81,ACC,988,799475.19,2.426,3.002,40568728,197.18
Wake Forest,2007,9,3136,0.31,414456.22,ACC,966,661989.63,3.346,2.305,16990640,19.80
Wake Forest,2008,10,3452,2.59,421994.25,ACC,966,661989.63,3.390,2.719,11394362,125.47
Wake Forest,2009,7,1508,0.00,503565.78,ACC,971,661989.63,3.647,2.363,11301571,75.52
Wake Forest,2010,6,1182,0.00,513571.28,ACC,973,661989.63,3.618,2.426,10253715,119.70
Wake Forest,2011,7,2014,0.00,509604.47,ACC,970,661989.63,3.956,2.255,18613558,122.34
Wake Forest,2012,3,1089,0.00,552853.19,ACC,970,661989.63,4.037,1.257,15627797,133.78
Wake Forest,2013,3,1103,0.00,590008.81,ACC,962,661989.63,3.816,1.328,19013436,150.75
Wake Forest,2014,4,1625,0.00,685613.44,ACC,968,661989.63,3.537,2.254,20818656,167.36
Wake Forest,2015,4,1013,0.00,718369.75,ACC,976,661989.63,3.757,2.577,19922856,178.48
Boston Col.,2006,8,4248,3.75,2136694.75,ACC,972,4651221.50,1.544,4.596,20532082,26.14
Boston Col.,2007,7,4375,13.88,2143853.00,ACC,970,4651221.50,1.574,4.552,21326924,160.57
Boston Col.,2008,5,3349,1.00,1976628.75,ACC,967,4651221.50,1.941,2.632,22809546,170.35
Boston Col.,2009,3,1830,0.00,1977480.13,ACC,971,4651221.50,1.890,3.974,21198786,177.34
Boston Col.,2010,6,2356,0.00,1984750.00,ACC,977,4651221.50,1.882,2.100,22314592,146.65
Boston Col.,2011,8,1966,0.00,1997995.38,ACC,982,4651221.50,1.779,2.555,22839806,179.61
Boston Col.,2012,9,1473,0.00,2011921.38,ACC,981,4651221.50,1.824,2.384,23673142,168.51
Boston Col.,2013,11,1945,0.00,2026661.25,ACC,980,4651221.50,1.750,2.684,24406288,191.79
Boston Col.,2014,10,2301,0.00,2227243.25,ACC,981,4651221.50,1.544,3.409,27259902,164.59
Boston Col.,2015,11,3712,0.00,2253747.50,ACC,978,4651221.50,1.544,3.123,26991210,196.90
Florida St.,2006,12,4393,4.56,18166990.00,ACC,954,175645.73,0.000,3.818,20538258,256.86
Florida St.,2007,10,3675,0.75,18367842.00,ACC,932,175645.73,0.000,4.615,16937298,303.14
Florida St.,2008,11,3730,1.76,18527304.00,ACC,927,175645.73,0.000,4.505,27398168,203.95
Florida St.,2009,21,7510,1.00,18652644.00,ACC,932,175645.73,0.000,3.344,20949018,292.97
Florida St.,2010,25,9547,4.50,18801310.00,ACC,937,175645.73,0.000,3.987,38989988,281.52
Florida St.,2011,33,12892,5.69,19096952.00,ACC,954,175645.73,0.000,3.883,36338024,286.53
Florida St.,2012,31,13630,17.44,19344156.00,ACC,958,175645.73,0.000,3.105,44463488,216.82
Florida St.,2013,24,10675,21.06,19582022.00,ACC,955,175645.73,0.000,2.383,58381540,259.98
Florida St.,2014,23,9546,24.35,19888740.00,ACC,945,175645.73,0.000,4.466,70391584,259.63
Florida St.,2015,14,5660,13.56,20244914.00,ACC,939,175645.73,0.000,2.352,55708828,271.41
Syracuse,2006,6,1159,0.00,19104632.00,Big East,955,809312.00,0.000,1.309,17489484,29.20
Syracuse,2008,8,2068,0.00,19212436.00,Big East,947,809312.00,0.000,2.830,18817416,128.96
Syracuse,2009,9,3055,0.00,19307066.00,Big East,946,809312.00,0.000,2.538,21163194,118.35
Syracuse,2010,9,3161,0.00,19378102.00,Big East,950,809312.00,0.000,2.243,20417122,122.04
Syracuse,2011,7,2775,0.00,19519528.00,Big East,958,809312.00,0.000,3.506,30230668,150.59
Syracuse,2012,6,1977,0.00,19602768.00,Big East,965,809312.00,0.000,3.306,34276184,168.09
Syracuse,2013,3,667,0.00,19673546.00,ACC,968,809312.00,0.000,1.990,39198548,166.43
Syracuse,2014,2,236,0.00,19718516.00,ACC,973,809312.00,0.000,2.186,41919152,128.00
Syracuse,2015,3,344,0.00,19747184.00,ACC,968,809312.00,0.000,3.517,38152216,180.14
Miami (FL),2006,13,5319,2.00,6055663.50,ACC,969,1725472.25,0.544,0.000,24434638,110.37
Miami (FL),2007,16,5364,0.00,6122614.00,ACC,977,1725472.25,0.574,0.000,25224982,274.87
Miami (FL),2008,19,5339,0.18,6175768.50,ACC,978,1725472.25,0.574,0.000,29906398,257.73
Miami (FL),2009,20,5505,10.00,6217548.00,ACC,979,1725472.25,0.544,0.000,27216606,291.61
Miami (FL),2010,19,5154,4.56,6267103.50,ACC,980,1725472.25,0.515,0.000,28484040,246.36
Miami (FL),2011,18,5812,0.00,6365650.50,ACC,977,1725472.25,0.500,0.000,30852212,237.13
Miami (FL),2012,14,5157,0.00,6448052.00,ACC,972,1725472.25,0.544,0.000,30945782,236.11
Miami (FL),2013,21,6726,7.35,6527340.50,ACC,967,1725472.25,0.500,0.000,34108756,302.60
Miami (FL),2014,24,7542,0.00,6629580.50,ACC,965,1725472.25,0.544,0.000,39024484,242.24
Miami (FL),2015,22,5016,0.00,6748304.50,ACC,965,1725472.25,0.544,0.000,34217376,249.55
Virginia Tech,2006,17,5037,7.88,2508240.25,ACC,929,82402.30,0.853,3.545,47805292,82.72
Virginia Tech,2007,17,5381,15.00,2106250.00,ACC,932,82402.30,1.007,3.787,34625388,154.53
Virginia Tech,2008,12,3467,2.82,2095989.50,ACC,940,82402.30,1.000,2.554,30561218,174.88
Virginia Tech,2009,13,3594,13.88,1889882.75,ACC,955,82402.30,1.015,2.669,34426376,175.27
Virginia Tech,2010,11,3631,7.25,1930595.38,ACC,968,82402.30,0.912,2.362,38134564,209.67
Virginia Tech,2011,10,2899,12.75,1956899.00,ACC,970,82402.30,0.934,1.642,34762084,185.47
Virginia Tech,2012,9,2235,2.13,1976688.25,ACC,977,82402.30,0.544,1.976,39906660,208.21
Virginia Tech,2013,11,2471,1.12,2357297.50,ACC,977,82402.30,0.500,2.416,44121552,225.32
Virginia Tech,2014,13,3201,0.53,2411545.75,ACC,969,82402.30,0.544,2.255,50437552,224.32
Virginia Tech,2015,11,2955,0.00,2789195.75,ACC,967,82402.30,0.544,1.914,48433648,214.01
Georgia Tech,2007,12,3770,1.00,536430.75,ACC,957,4154921.25,2.250,5.004,33546558,136.09
Georgia Tech,2008,10,3675,2.59,504817.31,ACC,967,4154921.25,2.235,6.144,25144016,159.66
Georgia Tech,2009,6,2869,12.06,526140.00,ACC,966,4154921.25,2.221,4.022,27480734,141.96
Georgia Tech,2010,5,1508,1.31,623144.81,ACC,974,4154921.25,2.199,3.195,24518500,114.18
Georgia Tech,2011,7,1925,3.13,788505.50,ACC,983,4154921.25,2.118,2.931,33830272,138.67
Georgia Tech,2012,8,1934,0.00,944717.88,ACC,983,4154921.25,2.044,3.296,31728850,225.49
Georgia Tech,2013,9,2051,0.00,791937.00,ACC,978,4154921.25,2.140,2.333,34899456,168.44
Georgia Tech,2014,6,1255,4.29,854406.75,ACC,987,4154921.25,2.199,2.808,41165504,201.51
Georgia Tech,2015,3,715,2.44,888480.88,ACC,983,4154921.25,2.243,3.903,43605744,201.21
Duke,2007,0,0,0.00,1218988.88,ACC,980,689686.38,1.581,5.028,11670390,106.65
Duke,2008,0,0,0.00,1243772.50,ACC,983,689686.38,1.574,3.029,9944475,91.65
Duke,2009,1,106,0.00,1340170.00,ACC,986,689686.38,2.257,2.545,17800358,107.79
Duke,2010,2,365,0.00,1366236.13,ACC,989,689686.38,2.191,3.494,19829988,140.17
Duke,2011,4,1351,0.00,1343103.88,ACC,989,689686.38,2.640,2.837,26737374,152.48
Duke,2012,4,1351,0.00,1356354.38,ACC,992,689686.38,1.846,2.762,24893264,126.41
Duke,2013,3,1245,0.94,1503361.00,ACC,992,689686.38,1.706,1.867,25680040,145.79
Duke,2014,2,986,0.82,1533182.88,ACC,995,689686.38,1.088,1.447,32439838,181.94
Duke,2015,1,941,0.50,1713324.50,ACC,992,689686.38,1.816,1.206,31795916,171.81
Pittsburgh,2006,12,3514,0.00,1759877.00,Big East,945,1030744.13,1.419,0.950,20641586,27.03
Pittsburgh,2007,15,4258,0.00,1228146.38,Big East,944,1030744.13,1.500,1.523,19748126,181.22
Pittsburgh,2008,12,3093,2.24,933196.00,Big East,950,1030744.13,1.537,2.660,22571302,147.62
Pittsburgh,2009,8,2186,7.13,912758.88,Big East,949,1030744.13,1.500,1.985,24876614,154.42
Pittsburgh,2010,9,3159,0.69,903984.44,Big East,955,1030744.13,1.412,3.197,23165300,158.20
Pittsburgh,2011,4,1487,0.00,1009964.38,Big East,962,1030744.13,1.250,2.810,23226166,229.68
Pittsburgh,2012,5,1993,0.00,1029817.00,Big East,961,1030744.13,1.324,2.039,19753160,216.08
Pittsburgh,2013,10,2897,0.00,1188676.75,ACC,963,1030744.13,1.684,1.860,28715016,224.64
Pittsburgh,2014,10,2586,0.00,1721806.88,ACC,970,1030744.13,1.691,1.527,34123500,197.86
Pittsburgh,2015,10,2492,0.25,1819458.00,ACC,975,1030744.13,1.684,2.047,34337000,212.43
Virginia,2006,10,4604,0.00,2557908.25,ACC,951,447084.25,0.544,3.761,16721624,28.71
Virginia,2007,9,5057,2.31,2583666.75,ACC,937,447084.25,0.574,2.246,23409294,235.48
Virginia,2008,7,3205,0.00,2611165.25,ACC,947,447084.25,0.574,3.393,22258330,220.34
Virginia,2009,4,1627,0.00,2641979.00,ACC,947,447084.25,0.544,1.973,20999616,160.63
Virginia,2010,6,1739,0.00,2667008.00,ACC,944,447084.25,0.515,3.698,18234642,211.72
Virginia,2011,7,1585,0.13,2703345.00,ACC,959,447084.25,0.500,1.853,25368596,111.11
Virginia,2012,7,1603,0.00,2730682.75,ACC,956,447084.25,0.544,2.080,22209678,207.49
Virginia,2013,6,1420,0.00,2754230.75,ACC,967,447084.25,0.500,2.486,28713266,158.94
Virginia,2014,5,970,0.00,2772457.25,ACC,974,447084.25,0.544,1.995,24575578,210.97
Virginia,2015,5,1049,0.00,2789195.75,ACC,968,447084.25,0.544,2.787,27931476,170.27
North Carolina,2006,9,3041,0.00,1303392.63,ACC,947,1301256.25,1.757,4.250,21350416,27.39
North Carolina,2007,18,6434,0.00,1230504.38,ACC,947,1301256.25,1.581,3.455,23642726,143.32
North Carolina,2008,18,6960,2.00,1243772.50,ACC,957,1301256.25,1.574,4.343,26612070,192.52
North Carolina,2009,18,7879,1.31,1409524.25,ACC,955,1301256.25,1.897,2.941,24395082,185.10
North Carolina,2010,21,9331,0.50,1487044.75,ACC,943,1301256.25,1.787,4.233,28680174,153.20
North Carolina,2011,12,5938,0.00,1476566.88,ACC,934,1301256.25,2.184,2.931,29111288,197.92
North Carolina,2012,10,4581,0.00,1491134.00,ACC,938,1301256.25,1.449,1.863,32488240,244.08
North Carolina,2013,11,3790,0.00,1668941.00,ACC,937,1301256.25,1.360,2.377,33836260,205.05
North Carolina,2014,9,2689,0.47,1655733.13,ACC,952,1301256.25,1.441,2.110,36087064,258.85
North Carolina,2015,10,2829,5.50,1734476.63,ACC,959,1301256.25,1.860,2.797,40523500,224.64
Georgia,2006,19,5778,6.44,974433.19,SEC,965,518547.66,2.588,4.091,70019928,109.90
Georgia,2007,21,7022,13.19,1115750.38,SEC,975,518547.66,2.816,3.170,76632056,244.84
Georgia,2008,24,8236,16.71,1249640.75,SEC,973,518547.66,2.868,4.169,71826440,236.21
Georgia,2009,26,7880,2.13,1151212.38,SEC,976,518547.66,2.838,4.757,78274632,267.62
Georgia,2010,23,7292,0.44,914107.31,SEC,970,518547.66,2.868,2.659,81400192,248.26
Georgia,2011,22,6702,5.50,922215.25,SEC,968,518547.66,2.787,4.452,79019408,292.15
Georgia,2012,20,6760,19.25,808850.13,SEC,967,518547.66,2.919,4.342,80076680,249.84
Georgia,2013,13,4046,8.35,788712.50,SEC,961,518547.66,2.831,5.016,78495232,281.95
Georgia,2014,17,7328,14.82,675238.13,SEC,961,518547.66,2.912,3.869,86805920,283.72
Georgia,2015,19,7459,6.00,648210.75,SEC,961,518547.66,2.934,4.371,87613128,259.87
South Carolina,2006,11,2345,0.00,4357847.00,SEC,921,345045.91,1.000,3.893,48559248,54.01
South Carolina,2007,11,2034,6.31,4444110.00,SEC,929,345045.91,1.000,4.843,57637756,234.80
South Carolina,2008,16,4583,0.24,4528996.00,SEC,938,345045.91,1.000,4.890,62905856,211.16
South Carolina,2009,16,4940,0.81,4589872.00,SEC,954,345045.91,1.000,3.698,64382496,182.49
South Carolina,2010,16,5852,7.63,4625364.00,SEC,966,345045.91,1.000,4.489,49417456,210.90
South Carolina,2011,17,6124,13.31,4672637.00,SEC,966,345045.91,1.000,3.507,50648152,182.76
South Carolina,2012,14,3987,16.50,4720760.00,SEC,980,345045.91,1.000,5.205,50843012,273.85
South Carolina,2013,8,2559,15.00,4767894.00,SEC,975,345045.91,1.000,4.104,56577268,198.87
South Carolina,2014,7,2032,2.88,4828430.00,SEC,972,345045.91,1.000,3.925,59828452,257.08
South Carolina,2015,7,2175,0.00,4894834.00,SEC,970,345045.91,1.000,4.457,59629816,210.39
Kentucky,2008,7,1679,0.00,423005.91,SEC,951,236142.92,2.596,3.732,28791988,22.68
Kentucky,2011,6,1883,0.00,373416.16,SEC,943,236142.92,2.110,4.802,34771272,139.71
Kentucky,2012,5,1745,0.00,416169.78,SEC,937,236142.92,2.118,3.973,31503592,24.42
Kentucky,2013,4,1296,0.00,497489.81,SEC,945,236142.92,2.404,5.089,34673868,153.99
Kentucky,2014,3,1132,0.00,449562.97,SEC,950,236142.92,2.515,4.841,35531420,193.54
Kentucky,2015,6,2213,0.00,468263.38,SEC,958,236142.92,2.485,3.882,39714832,190.83
Missouri,2006,10,4178,1.00,5842704.00,Big-12,939,194333.22,0.000,3.497,17982036,27.69
Missouri,2007,12,5873,12.50,5887612.00,Big-12,951,194333.22,0.000,2.855,22059274,190.06
Missouri,2008,11,5731,14.88,5923916.00,Big-12,958,194333.22,0.000,2.873,26587966,163.47
Missouri,2009,7,4290,0.19,5961088.00,Big-12,967,194333.22,0.000,2.273,28042062,197.15
Missouri,2010,10,4663,6.56,5988927.00,Big-12,972,194333.22,0.000,2.372,26842182,164.44
Missouri,2011,12,4769,0.63,6010717.00,Big-12,982,194333.22,0.000,3.692,16120322,162.96
Missouri,2012,14,4924,0.00,6025415.00,SEC,980,194333.22,0.000,4.255,29713422,199.83
Missouri,2013,13,4531,10.71,6042711.00,SEC,976,194333.22,0.000,3.689,34647968,207.90
Missouri,2014,10,3557,4.29,6060930.00,SEC,978,194333.22,0.000,4.646,37930904,206.45
Missouri,2015,7,2235,0.75,6076204.00,SEC,974,194333.22,0.000,3.001,30358216,229.00
Florida,2006,23,9956,20.81,18166990.00,SEC,962,276613.03,1.000,4.615,69299968,26.18
Florida,2007,18,8739,16.00,18367842.00,SEC,963,276613.03,1.000,5.074,75571368,236.73
Florida,2008,18,7915,21.53,18527304.00,SEC,971,276613.03,1.000,5.005,72852496,298.36
Florida,2009,23,9802,24.56,18652644.00,SEC,976,276613.03,1.000,3.559,75929008,273.50
Florida,2010,18,6299,6.88,18801310.00,SEC,972,276613.03,1.000,4.339,79138304,220.98
Florida,2011,22,7650,3.50,19096952.00,SEC,968,276613.03,1.000,5.096,78100560,294.83
Florida,2012,27,10049,16.25,19344156.00,SEC,969,276613.03,1.000,3.507,77213920,313.05
Florida,2013,27,10356,4.24,19582022.00,SEC,971,276613.03,1.000,4.266,70450520,286.27
Florida,2014,28,10838,0.00,19888740.00,SEC,979,276613.03,1.000,5.302,74795528,270.42
Florida,2015,25,9580,8.88,20244914.00,SEC,980,276613.03,1.000,4.864,83761072,324.62
Vanderbilt,2006,6,2222,0.00,2029588.63,SEC,959,536516.94,1.544,5.054,17905338,26.02
Vanderbilt,2007,6,2222,0.00,2058575.63,SEC,969,536516.94,1.574,4.673,19342030,95.67
Vanderbilt,2008,5,1398,1.71,2082470.38,SEC,975,536516.94,1.574,4.267,20445970,116.07
Vanderbilt,2009,6,1443,0.00,2102006.25,SEC,977,536516.94,1.544,4.997,24869052,101.95
Vanderbilt,2010,7,1739,0.00,2115368.25,SEC,978,536516.94,1.515,4.961,24407728,88.91
Vanderbilt,2011,7,1739,0.00,2132544.75,SEC,973,536516.94,1.500,4.137,22425992,150.75
Vanderbilt,2012,6,1264,0.19,2151435.25,SEC,974,536516.94,1.544,3.719,23352572,128.26
Vanderbilt,2013,6,1635,0.12,2164940.25,SEC,983,536516.94,1.500,3.563,25407326,130.16
Vanderbilt,2014,4,1106,0.00,2181554.25,SEC,990,536516.94,1.544,3.247,27436828,169.67
Vanderbilt,2015,6,1817,0.00,2198352.00,SEC,992,536516.94,1.544,3.595,26782776,188.39
Tennessee,2006,16,8136,11.38,6088766.00,SEC,948,547033.69,0.000,4.118,36698476,184.16
Tennessee,2007,13,5528,5.00,6175727.00,SEC,949,547033.69,0.000,4.240,46016244,299.26
Tennessee,2008,11,4282,0.47,6247411.00,SEC,944,547033.69,0.000,3.784,47142468,231.39
Tennessee,2009,14,5362,0.00,6306019.00,SEC,937,547033.69,0.000,4.406,62534748,235.04
Tennessee,2010,11,3742,0.00,6346105.00,SEC,931,547033.69,0.000,4.867,61773384,276.14
Tennessee,2011,8,3147,0.00,6397634.00,SEC,924,547033.69,0.000,5.707,55417040,191.71
Tennessee,2012,7,2956,0.19,6454306.00,SEC,932,547033.69,0.000,4.221,57130468,284.42
Tennessee,2013,9,3294,0.00,6494821.00,SEC,945,547033.69,0.000,6.541,71697368,203.39
Tennessee,2014,9,2853,0.00,6544663.00,SEC,956,547033.69,0.000,6.122,94472328,264.62
Tennessee,2015,9,2853,0.50,6595056.00,SEC,972,547033.69,0.000,5.619,107103768,271.56
Alabama,2006,13,5614,0.00,1137535.50,SEC,944,182272.17,0.544,3.474,62568008,29.86
Alabama,2007,16,8821,2.00,1399053.88,SEC,955,182272.17,0.574,5.227,65566420,147.97
Alabama,2008,24,13416,20.71,1572735.38,SEC,957,182272.17,0.574,4.527,71152416,156.58
Alabama,2009,29,15551,23.44,1585979.38,SEC,963,182272.17,0.544,6.074,79430416,191.78
Alabama,2010,30,15259,19.50,1593245.38,SEC,970,182272.17,0.515,4.885,83480216,216.52
Alabama,2011,32,14769,23.69,1389827.00,SEC,978,182272.17,0.934,4.463,86400168,233.66
Alabama,2012,31,14158,24.56,1327125.38,SEC,975,182272.17,0.978,4.413,91496840,241.78
Alabama,2013,32,15847,24.35,1139804.00,SEC,978,182272.17,1.029,4.759,96633104,291.61
Alabama,2014,36,17535,22.76,1146461.25,SEC,979,182272.17,0.993,5.275,97121088,288.63
Alabama,2015,39,18894,20.69,698501.81,SEC,980,182272.17,1.132,5.690,103871000,284.20
Auburn,2006,15,5052,18.94,2314490.50,SEC,953,267404.44,0.272,4.858,66859432,126.96
Auburn,2007,14,5485,4.13,2336420.00,SEC,949,267404.44,0.287,4.183,68195832,226.30
Auburn,2008,10,3971,5.65,2359103.00,SEC,935,267404.44,0.287,4.931,64558172,200.29
Auburn,2009,8,3321,0.56,2378969.00,SEC,940,267404.44,0.272,4.818,73107976,182.43
Auburn,2010,10,4921,18.38,2389868.00,SEC,943,267404.44,0.257,3.902,82856312,209.75
Auburn,2011,11,3991,1.94,2399959.00,SEC,950,267404.44,0.250,5.266,81317432,245.54
Auburn,2012,13,4559,0.00,2407980.00,SEC,965,267404.44,0.272,4.601,77494920,248.55
Auburn,2013,16,5024,10.94,2414739.50,SEC,968,267404.44,0.250,4.989,50497716,224.19
Auburn,2014,16,4575,17.06,2421607.00,SEC,982,267404.44,0.272,6.318,86829088,226.93
Auburn,2015,17,4419,3.00,2426937.50,SEC,980,267404.44,0.272,5.422,92537432,277.20
LSU,2006,24,9389,16.81,1434221.63,SEC,946,276604.47,1.544,3.585,56637356,206.53
LSU,2007,25,8450,23.81,1458527.00,SEC,960,276604.47,1.574,5.129,60214528,210.17
LSU,2008,23,8672,12.24,1478528.63,SEC,965,276604.47,1.574,3.589,68137616,282.27
LSU,2009,26,11021,15.75,1497216.00,SEC,966,276604.47,1.544,3.955,76043984,287.64
LSU,2010,29,12708,14.81,1511124.00,SEC,964,276604.47,1.515,4.457,74467544,218.34
LSU,2011,27,11388,24.50,1525134.63,SEC,944,276604.47,1.500,5.302,72501904,269.92
LSU,2012,27,9688,19.69,1534476.38,SEC,946,276604.47,1.544,4.466,76652048,282.25
LSU,2013,26,9710,14.59,1542134.00,SEC,947,276604.47,1.500,5.551,89386848,259.67
LSU,2014,24,8648,6.94,1549293.38,SEC,941,276604.47,1.544,5.085,86399232,293.15
LSU,2015,23,9089,13.69,1556320.00,SEC,959,276604.47,1.544,5.396,85741920,267.84
Mississippi St.,2006,3,429,0.00,356071.34,SEC,924,22977.60,1.537,3.592,14205846,26.35
Mississippi St.,2007,6,1527,0.00,402245.88,SEC,933,22977.60,1.118,3.793,18278996,226.35
Mississippi St.,2008,9,2679,0.00,386533.50,SEC,939,22977.60,1.132,3.752,20630230,208.22
Mississippi St.,2009,12,4056,0.00,291710.13,SEC,952,22977.60,1.515,4.485,16078757,123.23
Mississippi St.,2010,11,4158,2.75,206476.19,SEC,959,22977.60,1.721,5.597,24539114,188.28
Mississippi St.,2011,12,4521,1.06,169332.78,SEC,967,22977.60,1.779,4.533,26700888,168.98
Mississippi St.,2012,12,4633,3.69,154834.05,SEC,974,22977.60,1.735,4.197,26650316,194.64
Mississippi St.,2013,10,3387,0.00,128182.39,SEC,971,22977.60,1.250,5.279,27610180,165.14
Mississippi St.,2014,13,3742,15.71,110122.12,SEC,971,22977.60,1.618,4.715,31339762,233.49
Mississippi St.,2015,13,5093,1.13,99782.09,SEC,974,22977.60,1.846,5.155,35471848,212.47
Texas A&M,2006,8,1889,1.44,990061.94,Big-12,932,275038.47,2.809,4.133,43674464,28.63
Texas A&M,2007,9,2877,0.69,967992.81,Big-12,946,275038.47,2.853,5.460,48630936,218.74
Texas A&M,2008,8,2972,0.00,1034204.94,Big-12,934,275038.47,2.838,4.935,42244960,207.47
Texas A&M,2009,11,4630,0.00,1051285.75,Big-12,940,275038.47,2.779,4.555,46315392,241.23
Texas A&M,2010,13,7138,2.63,972923.56,Big-12,946,275038.47,3.250,5.514,49363124,235.38
Texas A&M,2011,14,7093,6.88,1086331.75,Big-12,954,275038.47,3.515,4.129,46807968,215.25
Texas A&M,2012,13,6928,7.63,1185075.25,SEC,971,275038.47,3.721,6.726,55522108,171.74
Texas A&M,2013,13,7044,14.24,1306170.88,SEC,974,275038.47,3.566,4.358,58722044,228.03
Texas A&M,2014,13,5320,6.94,1308516.13,SEC,967,275038.47,3.676,5.494,62261428,219.98
Texas A&M,2015,18,6036,5.56,1360376.88,SEC,962,275038.47,3.243,5.898,73700888,240.98
Mississippi,2006,10,4380,0.00,712142.69,SEC,939,39682.36,0.824,3.092,20683776,55.60
Mississippi,2007,9,3504,0.00,874134.31,SEC,910,39682.36,0.875,4.655,20306780,193.50
Mississippi,2008,10,3754,1.35,979304.69,SEC,921,39682.36,0.574,3.384,20582212,166.37
Mississippi,2009,6,1768,6.63,982914.75,SEC,939,39682.36,0.544,3.468,31392016,177.18
Mississippi,2010,3,714,0.00,985711.69,SEC,933,39682.36,0.515,3.871,30995078,183.26
Mississippi,2011,3,1079,0.00,862333.50,SEC,944,39682.36,0.934,4.571,28336096,231.94
Mississippi,2012,7,3433,0.00,822555.88,SEC,946,39682.36,0.978,5.626,42452676,221.24
Mississippi,2013,11,4567,0.88,705782.88,SEC,947,39682.36,1.029,5.595,44752996,204.46
Mississippi,2014,14,5244,15.35,708345.88,SEC,958,39682.36,0.993,5.995,53453108,240.24
Mississippi,2015,19,6881,10.00,429560.44,SEC,971,39682.36,1.404,5.973,56823048,223.70
Arkansas,2006,12,5087,9.19,1410880.50,SEC,936,225288.97,0.272,4.963,49478196,110.15
Arkansas,2007,11,3591,1.50,1424325.00,SEC,927,225288.97,0.287,3.192,45868988,191.28
Arkansas,2008,9,2204,0.00,1437277.00,SEC,930,225288.97,0.287,5.199,42544344,155.43
Arkansas,2009,12,2750,0.00,1364858.75,SEC,937,225288.97,0.581,4.391,53617948,199.85
Arkansas,2010,15,3365,12.56,1373029.38,SEC,936,225288.97,0.574,4.988,66447508,192.49
Arkansas,2011,17,3512,16.25,1370821.25,SEC,938,225288.97,0.610,3.809,67643656,204.67
Arkansas,2012,18,3695,2.13,1376040.63,SEC,935,225288.97,0.574,4.378,63460192,189.14
Arkansas,2013,17,3375,0.00,1379761.13,SEC,938,225288.97,0.507,5.966,58044560,214.90
Arkansas,2014,15,3502,0.00,1384558.88,SEC,952,225288.97,0.272,6.429,66246224,232.93
Arkansas,2015,13,3165,1.00,1473886.88,SEC,966,225288.97,0.272,5.561,68970600,203.21
Washington,2006,4,1219,0.00,6370753.00,Pac-12,948,3556702.25,1.000,4.817,39641132,84.23
Washington,2007,4,1997,0.00,6461587.00,Pac-12,954,3556702.25,1.000,4.435,42391556,218.86
Washington,2008,6,2420,0.00,6562231.00,Pac-12,948,3556702.25,1.000,5.503,37639900,184.69
Washington,2009,7,3191,0.13,6667426.00,Pac-12,946,3556702.25,1.000,5.371,37480264,190.58
Washington,2010,7,3607,0.00,6724540.00,Pac-12,949,3556702.25,1.000,3.473,42831780,114.56
Washington,2011,9,5342,0.25,6822520.00,Pac-12,954,3556702.25,1.000,3.772,55945596,183.52
Washington,2012,9,5160,0.19,6895226.00,Pac-12,967,3556702.25,1.000,5.834,58183212,184.72
Washington,2013,13,7329,3.53,6968006.00,Pac-12,977,3556702.25,1.000,3.585,68897208,225.25
Washington,2014,16,8130,0.06,7054196.00,Pac-12,974,3556702.25,1.000,3.364,67008648,154.97
Washington,2015,20,8110,0.00,7160290.00,Pac-12,984,3556702.25,1.000,4.670,69134064,234.35
Stanford,2006,6,1562,0.00,5265038.00,Pac-12,986,7096951.50,4.353,4.568,15208714,84.71
Stanford,2007,7,1575,0.00,4264742.50,Pac-12,984,7096951.50,4.382,4.751,15651817,175.79
Stanford,2008,11,4585,0.00,3595068.75,Pac-12,976,7096951.50,4.368,4.788,15614819,179.93
Stanford,2009,14,5623,1.44,3582789.75,Pac-12,977,7096951.50,4.279,5.254,23546904,115.28
Stanford,2010,17,6190,13.81,3306160.75,Pac-12,977,7096951.50,4.206,4.694,21218578,200.10
Stanford,2011,19,7850,20.44,4602840.50,Pac-12,978,7096951.50,3.985,3.707,26938510,137.17
Stanford,2012,20,6409,11.06,5207732.00,Pac-12,984,7096951.50,4.000,3.319,25634612,163.29
Stanford,2013,19,7265,19.35,6724258.00,Pac-12,987,7096951.50,3.662,3.514,37380500,175.60
Stanford,2014,17,7005,4.41,9596758.00,Pac-12,983,7096951.50,3.735,3.294,37556868,232.43
Stanford,2015,16,5884,12.25,9900016.00,Pac-12,985,7096951.50,3.735,3.445,43744640,223.33
Washington St.,2007,3,394,0.00,2153862.25,Pac-12,918,13510.84,0.574,3.836,15393440,147.73
Washington St.,2008,2,269,0.00,2187410.25,Pac-12,918,13510.84,0.574,3.402,12572132,133.59
Washington St.,2009,2,248,0.00,2222475.25,Pac-12,925,13510.84,0.544,4.093,14093415,191.68
Washington St.,2010,3,972,0.00,2241513.25,Pac-12,933,13510.84,0.515,3.954,13849672,162.68
Washington St.,2011,4,1366,0.00,2274173.25,Pac-12,942,13510.84,0.500,2.429,18927730,161.64
Washington St.,2012,5,1530,0.00,2298408.75,Pac-12,944,13510.84,0.544,2.603,27788188,162.05
Washington St.,2013,5,1542,0.00,2322668.75,Pac-12,951,13510.84,0.500,4.188,27461850,146.27
Washington St.,2014,6,1142,0.00,2351398.75,Pac-12,965,13510.84,0.544,4.162,32036952,166.89
Washington St.,2015,6,1523,0.50,2386763.25,Pac-12,964,13510.84,0.544,3.790,34457680,177.38
Oregon,2006,15,5051,5.31,906501.69,Pac-12,921,384713.59,0.581,4.558,25288972,27.69
Oregon,2007,13,4865,12.56,1420769.88,Pac-12,935,384713.59,0.625,4.254,27992178,154.47
Oregon,2008,14,4613,4.94,1735377.00,Pac-12,942,384713.59,0.625,3.703,27301492,172.47
Oregon,2009,13,5025,11.94,1568247.00,Pac-12,941,384713.59,0.654,4.966,32603212,234.92
Oregon,2010,13,4471,22.94,1381465.38,Pac-12,948,384713.59,0.691,3.946,30123128,184.71
Oregon,2011,17,7087,18.25,1359416.75,Pac-12,951,384713.59,0.721,4.066,54712044,152.98
Oregon,2012,15,7245,22.94,1370341.50,Pac-12,958,384713.59,0.699,2.303,55709056,228.77
Oregon,2013,10,4639,21.47,915379.44,Pac-12,967,384713.59,0.794,2.403,56950820,200.86
Oregon,2014,9,4467,22.00,930383.63,Pac-12,969,384713.59,0.779,3.189,61017912,212.76
Oregon,2015,8,2192,6.56,1011318.31,Pac-12,974,384713.59,0.787,3.362,66576140,250.88
California,2006,16,6049,10.13,8641666.00,Pac-12,967,7103166.50,3.088,4.538,30589500,28.61
California,2008,16,6447,0.53,12201446.00,Pac-12,969,7103166.50,3.147,4.357,30558806,180.46
California,2009,17,6385,5.31,12320410.00,Pac-12,949,7103166.50,3.088,3.328,26985014,196.23
California,2010,16,5183,0.00,11508388.00,Pac-12,936,7103166.50,3.721,2.948,26444330,241.37
California,2011,12,3478,0.00,6831132.00,Pac-12,935,7103166.50,4.162,4.271,27473374,212.65
California,2012,10,2822,0.00,4277348.00,Pac-12,938,7103166.50,4.426,4.912,38865252,210.38
California,2013,9,2518,0.00,3554985.25,Pac-12,941,7103166.50,5.103,4.707,33840596,205.43
California,2014,9,2245,0.00,2750885.00,Pac-12,960,7103166.50,5.147,3.772,43695012,206.98
California,2015,9,2245,0.88,2630011.00,Pac-12,978,7103166.50,5.074,4.470,41527032,233.80
Oregon St.,2006,12,2696,0.44,337360.50,Pac-12,926,342484.34,0.794,3.546,33293176,55.53
Oregon St.,2007,13,2983,0.06,382178.34,Pac-12,930,342484.34,0.853,4.008,36419460,153.38
Oregon St.,2008,12,3098,1.65,448444.78,Pac-12,947,342484.34,0.904,4.379,34002268,123.52
Oregon St.,2009,7,1874,2.44,503022.66,Pac-12,959,342484.34,0.904,3.187,21056616,188.90
Oregon St.,2010,8,2965,0.44,411077.63,Pac-12,955,342484.34,0.919,5.269,23576950,159.77
Oregon St.,2011,10,3095,0.00,296365.72,Pac-12,957,342484.34,0.934,3.087,21777604,180.86
Oregon St.,2012,10,3095,9.19,267478.25,Pac-12,950,342484.34,0.978,4.236,31533410,177.75
Oregon St.,2013,10,2925,0.06,224527.03,Pac-12,946,342484.34,0.993,4.619,28815106,162.02
Oregon St.,2014,8,1722,0.00,208861.63,Pac-12,949,342484.34,0.993,3.767,30947898,184.11
Oregon St.,2015,3,714,0.00,183277.94,Pac-12,956,342484.34,0.993,3.872,32941918,178.62
USC,2006,33,14639,21.75,5906073.50,Pac-12,948,16392547.00,0.779,4.982,37300244,57.46
USC,2007,37,15257,19.56,6775759.00,Pac-12,956,16392547.00,0.801,3.518,32681006,250.90
USC,2008,30,11704,21.29,8947727.00,Pac-12,965,16392547.00,0.816,4.584,38770356,288.61
USC,2009,23,8325,14.31,9146971.00,Pac-12,952,16392547.00,0.676,3.530,32132726,291.67
USC,2010,19,7132,3.25,9171659.00,Pac-12,947,16392547.00,0.647,2.522,33857308,285.12
USC,2011,16,7057,6.56,9275775.00,Pac-12,945,16392547.00,0.529,2.940,36260088,316.97
USC,2012,17,6573,11.00,15557275.00,Pac-12,941,16392547.00,0.272,3.121,45211232,295.06
USC,2013,18,6749,0.94,12520251.00,Pac-12,948,16392547.00,0.706,2.132,45617368,290.34
USC,2014,19,8101,5.12,8537656.00,Pac-12,959,16392547.00,0.816,2.683,45932876,289.28
USC,2015,17,6519,5.44,6008500.00,Pac-12,968,16392547.00,0.882,4.261,51240236,294.73
Arizona St.,2006,13,2897,0.69,6029141.00,Pac-12,933,2442246.00,1.000,3.879,27670284,26.63
Arizona St.,2007,12,2282,10.38,6167681.00,Pac-12,945,2442246.00,1.000,5.235,33684568,193.35
Arizona St.,2008,9,1856,1.94,6280362.00,Pac-12,945,2442246.00,1.000,4.913,32882526,183.77
Arizona St.,2009,7,1601,0.00,6343154.00,Pac-12,940,2442246.00,1.000,4.621,32693078,191.49
Arizona St.,2010,6,1622,0.00,6392017.00,Pac-12,937,2442246.00,1.000,3.899,30263998,180.30
Arizona St.,2011,9,3062,1.75,6467163.00,Pac-12,937,2442246.00,1.000,4.285,36732712,188.18
Arizona St.,2012,9,2554,0.00,6549634.00,Pac-12,941,2442246.00,1.000,3.513,40465308,187.91
Arizona St.,2013,10,2678,3.94,6624617.00,Pac-12,949,2442246.00,1.000,3.233,49829752,225.65
Arizona St.,2014,10,2432,10.59,6719993.00,Pac-12,960,2442246.00,1.000,2.765,49065204,211.24
Arizona St.,2015,8,1772,0.69,6817565.00,Pac-12,971,2442246.00,1.000,3.667,42892152,203.28
Arizona,2006,13,4008,0.00,6029141.00,Pac-12,902,992584.88,0.000,4.835,20575894,52.65
Arizona,2007,12,3953,0.00,6167681.00,Pac-12,924,992584.88,0.000,3.792,19122960,175.32
Arizona,2008,11,3442,0.00,6280362.00,Pac-12,940,992584.88,0.000,3.318,23047636,159.32
Arizona,2009,9,2557,1.25,6343154.00,Pac-12,951,992584.88,0.000,3.589,26959396,154.87
Arizona,2010,9,1969,6.50,6392017.00,Pac-12,951,992584.88,0.000,3.438,27661100,204.44
Arizona,2011,6,1108,0.00,6467163.00,Pac-12,956,992584.88,0.000,3.616,25759420,213.58
Arizona,2012,5,752,0.50,6549634.00,Pac-12,960,992584.88,0.000,3.679,29324504,153.87
Arizona,2013,5,752,0.00,6624617.00,Pac-12,961,992584.88,0.000,3.012,29765664,209.08
Arizona,2014,3,394,7.47,6719993.00,Pac-12,955,992584.88,0.000,3.461,23139100,184.83
Arizona,2015,4,514,1.50,6817565.00,Pac-12,955,992584.88,0.000,2.255,41388364,183.75
UCLA,2006,7,1808,0.00,2126324.50,Pac-12,941,16392439.00,1.000,5.387,27693638,106.91
UCLA,2007,9,2989,2.50,1851394.88,Pac-12,948,16392439.00,1.000,4.218,32198910,258.06
UCLA,2008,6,2386,0.18,1597104.13,Pac-12,953,16392439.00,1.000,4.632,29340042,174.60
UCLA,2009,10,3629,0.00,1513665.00,Pac-12,956,16392439.00,1.000,4.036,24639620,177.82
UCLA,2010,12,4790,0.00,1609636.38,Pac-12,956,16392439.00,0.985,5.221,25019468,209.07
UCLA,2011,12,4607,0.00,1926544.88,Pac-12,966,16392439.00,0.941,4.656,26520552,145.04
UCLA,2012,20,6825,3.75,2300108.75,Pac-12,979,16392439.00,0.890,3.063,36797560,106.93
UCLA,2013,21,7309,10.88,2598542.75,Pac-12,975,16392439.00,0.853,4.834,30873130,250.33
UCLA,2014,21,7361,11.47,3336900.75,Pac-12,972,16392439.00,0.853,4.688,44771772,258.45
UCLA,2015,19,6316,6.88,4438334.50,Pac-12,971,16392439.00,0.853,2.810,38548480,263.81
Utah,2007,10,2986,0.00,865915.31,Mountain West,954,1352642.25,0.574,1.049,13815321,59.74
Utah,2008,11,3294,12.94,887676.31,Mountain West,949,1352642.25,0.574,1.570,18048658,102.89
Utah,2009,9,3071,4.81,907807.00,Mountain West,956,1352642.25,0.544,1.805,16232236,113.22
Utah,2010,5,1647,9.75,921295.00,Mountain West,966,1352642.25,0.515,1.634,23081742,128.26
Utah,2011,9,3317,0.00,938708.00,Pac-12,963,1352642.25,0.500,2.733,21874670,147.87
Utah,2012,9,3202,0.00,951927.31,Pac-12,970,1352642.25,0.544,1.993,28524528,151.35
Utah,2013,15,4528,0.00,891007.31,Pac-12,973,1352642.25,0.912,3.583,37488036,152.27
Utah,2014,14,4309,2.71,903761.50,Pac-12,983,1352642.25,0.934,3.784,42974052,195.36
Utah,2015,15,4077,10.44,918752.13,Pac-12,983,1352642.25,0.912,3.403,47685528,202.20
Colorado,2006,5,1416,0.00,978978.88,Big-12,929,2259797.25,1.110,4.597,27177796,27.51
Colorado,2007,7,3068,0.00,1033089.88,Big-12,929,2259797.25,0.860,3.886,32863084,218.56
Colorado,2008,7,2296,0.00,1059263.13,Big-12,920,2259797.25,0.860,4.088,30646790,185.54
Colorado,2009,8,2568,0.00,1233607.88,Big-12,929,2259797.25,0.816,3.675,28987766,143.15
Colorado,2010,9,3142,0.00,1257299.00,Big-12,938,2259797.25,0.772,4.346,28212104,165.97
Colorado,2011,5,1242,0.00,1266533.00,Pac-12,946,2259797.25,1.044,5.235,25533558,155.35
Colorado,2012,3,974,0.00,1284227.25,Pac-12,955,2259797.25,1.147,3.506,31524982,207.66
Colorado,2013,5,1854,0.00,1303463.00,Pac-12,957,2259797.25,1.059,3.296,28921946,236.08
Colorado,2014,5,1769,0.00,1323902.75,Pac-12,968,2259797.25,0.816,3.363,28341600,188.77
Colorado,2015,6,1906,0.00,1308785.00,Pac-12,968,2259797.25,1.162,4.100,37544684,183.91
Ohio St.,2006,22,8034,24.94,2488417.50,Big-10,942,728783.50,1.235,4.631,69578904,155.45
Ohio St.,2007,19,6634,20.94,2489278.75,Big-10,968,728783.50,0.860,3.654,74471064,277.57
Ohio St.,2008,20,6660,16.06,2244141.25,Big-10,975,728783.50,1.257,4.941,75105944,148.26
Ohio St.,2009,16,3986,15.88,2013960.50,Big-10,985,728783.50,1.279,4.020,70441992,124.55
Ohio St.,2010,18,6190,20.81,1474362.13,Big-10,988,728783.50,1.404,2.831,66127544,109.84
Ohio St.,2011,18,6293,1.75,1475425.50,Big-10,982,728783.50,1.360,3.780,61235268,198.91
Ohio St.,2012,26,12084,17.19,1458895.00,Big-10,972,728783.50,1.390,3.113,63087436,128.98
Ohio St.,2013,30,15356,21.76,1435156.13,Big-10,973,728783.50,1.441,2.529,66911352,271.03
Ohio St.,2014,31,16009,14.18,1543820.63,Big-10,971,728783.50,1.493,4.583,83631056,281.93
Ohio St.,2015,35,18382,23.56,1674961.50,Big-10,975,728783.50,1.456,2.133,86646064,237.38
Penn St.,2006,17,6899,1.19,12510809.00,Big-10,964,339507.44,0.000,4.624,51781236,80.65
Penn St.,2007,14,5131,3.63,12563937.00,Big-10,976,339507.44,0.000,4.312,61446900,207.39
Penn St.,2008,16,5398,17.18,12612285.00,Big-10,974,339507.44,0.000,5.403,68026120,144.63
Penn St.,2009,14,4180,14.81,12666858.00,Big-10,972,339507.44,0.000,3.818,77578544,221.53
Penn St.,2010,12,3207,1.63,12702379.00,Big-10,971,339507.44,0.000,4.515,79073624,195.18
Penn St.,2011,13,3509,3.00,12744293.00,Big-10,961,339507.44,0.000,3.956,69768704,270.41
Penn St.,2012,14,4390,0.00,12771854.00,Big-10,954,339507.44,0.000,3.146,60600808,183.65
Penn St.,2013,12,4044,0.00,12781338.00,Big-10,956,339507.44,0.000,2.852,69194688,189.29
Penn St.,2014,15,5581,0.00,12790565.00,Big-10,960,339507.44,0.000,2.098,71376592,233.47
Penn St.,2015,18,6042,0.00,12791904.00,Big-10,969,339507.44,0.000,2.800,75462600,249.63
Michigan St.,2006,8,2084,0.00,517693.66,Big-10,926,901715.88,3.022,3.949,47995004,26.51
Michigan St.,2007,7,1488,0.00,489299.59,Big-10,931,901715.88,3.103,4.692,50087212,182.39
Michigan St.,2008,10,1962,3.29,524077.72,Big-10,941,901715.88,3.074,6.347,47914896,110.52
Michigan St.,2009,12,2859,0.00,600467.75,Big-10,938,901715.88,3.007,3.058,49130008,206.60
Michigan St.,2010,12,3482,10.63,729614.19,Big-10,943,901715.88,3.022,3.518,48957368,178.54
Michigan St.,2011,14,4656,9.81,850037.88,Big-10,955,901715.88,2.963,3.777,52428212,162.06
Michigan St.,2012,13,5096,3.44,839074.44,Big-10,962,901715.88,3.213,5.243,49401048,160.17
Michigan St.,2013,12,4935,6.53,1081307.75,Big-10,973,901715.88,3.096,3.066,53706128,186.02
Michigan St.,2014,12,4436,17.29,1078518.50,Big-10,978,901715.88,3.213,3.965,59287120,229.62
Michigan St.,2015,10,3607,20.31,1078730.38,Big-10,974,901715.88,3.147,5.383,64661164,225.56
Michigan,2006,18,6944,20.81,1192522.63,Big-10,951,5568571.00,3.221,3.900,59979564,204.24
Michigan,2007,13,4501,4.06,1216701.25,Big-10,947,5568571.00,3.154,4.559,65672688,230.11
Michigan,2008,10,2668,0.00,1232468.13,Big-10,936,5568571.00,2.816,3.774,57539676,255.10
Michigan,2009,10,2670,0.50,1217510.50,Big-10,928,5568571.00,2.772,3.679,69822560,269.95
Michigan,2010,10,2839,1.63,1401627.25,Big-10,943,5568571.00,2.699,3.192,76413776,266.54
Michigan,2011,11,3507,7.81,1123086.38,Big-10,951,5568571.00,2.816,3.326,89788456,256.69
Michigan,2012,11,3554,4.69,993846.75,Big-10,975,5568571.00,2.949,3.921,84081728,242.81
Michigan,2013,20,6893,4.24,938613.13,Big-10,990,5568571.00,3.154,3.071,92964136,261.55
Michigan,2014,19,6077,0.00,852408.06,Big-10,989,5568571.00,3.250,2.632,88339864,262.72
Michigan,2015,21,7523,7.81,705323.69,Big-10,993,5568571.00,3.272,2.589,97149704,237.54
Rutgers,2007,10,3768,4.44,1735577.00,Big East,980,21413284.00,6.441,1.362,20736218,117.69
Rutgers,2008,9,3262,0.00,1742218.00,Big East,992,21413284.00,6.441,1.590,21737910,164.34
Rutgers,2009,11,3470,0.06,1751120.38,Big East,988,21413284.00,6.265,1.584,21540620,138.98
Rutgers,2010,8,1748,0.00,1758378.75,Big East,982,21413284.00,6.088,2.101,20888572,125.44
Rutgers,2011,10,2242,0.00,1768248.63,Big East,978,21413284.00,6.000,1.708,22459944,170.43
Rutgers,2012,10,2228,2.44,1774642.25,Big East,980,21413284.00,6.265,2.178,20146602,199.38
Rutgers,2013,3,840,0.00,1779832.38,AAC,980,21413284.00,6.000,1.498,21172126,182.51
Rutgers,2014,5,1500,0.00,1785000.25,Big-10,972,21413284.00,6.265,3.443,26930626,214.01
Rutgers,2015,5,1279,0.00,1787084.25,Big-10,973,21413284.00,6.265,3.733,25236282,186.09
Indiana,2007,7,2569,0.00,417239.97,Big-10,957,263830.09,3.287,1.785,24884656,91.93
Indiana,2008,5,1353,0.00,417085.78,Big-10,969,263830.09,3.191,1.902,22947658,101.12
Indiana,2009,5,1353,0.00,400388.28,Big-10,966,263830.09,3.397,4.330,24069818,125.43
Indiana,2010,4,1087,0.00,463470.00,Big-10,964,263830.09,3.184,3.874,26337762,103.16
Indiana,2011,3,1035,0.00,576206.50,Big-10,963,263830.09,2.478,3.527,26194242,122.15
Indiana,2012,6,1889,0.00,690807.25,Big-10,972,263830.09,2.088,3.591,25149730,123.89
Indiana,2013,7,2306,0.00,856455.50,Big-10,977,263830.09,2.522,3.759,26691444,145.51
Indiana,2014,7,2099,0.00,720549.44,Big-10,979,263830.09,2.691,3.344,27536014,163.75
Indiana,2015,7,1896,0.00,772409.13,Big-10,982,263830.09,2.691,2.598,35213708,164.39
Maryland,2008,8,2596,0.47,1882312.88,ACC,929,7794487.50,3.147,3.331,15397382,179.95
Maryland,2009,5,1183,0.00,1897223.00,ACC,922,7794487.50,3.088,3.367,12751788,204.06
Maryland,2010,4,1113,0.19,1911380.75,ACC,931,7794487.50,3.029,2.710,15094014,206.08
Maryland,2011,4,805,0.00,1947867.63,ACC,937,7794487.50,3.000,2.810,20503356,202.78
Maryland,2012,7,1892,0.00,1963217.00,ACC,950,7794487.50,3.088,2.117,17007844,196.41
Maryland,2013,6,1768,0.06,1977043.00,ACC,973,7794487.50,3.000,2.293,22092544,186.96
Maryland,2014,7,2295,0.00,1989098.38,Big-10,977,7794487.50,3.088,4.428,30922564,211.59
Maryland,2015,9,3184,0.00,1998327.63,Big-10,984,7794487.50,3.088,3.715,30071434,205.67
Wisconsin,2006,11,3508,7.63,2102026.75,Big-10,944,477924.41,0.699,2.488,40124696,56.14
Wisconsin,2007,15,5183,9.00,2109314.00,Big-10,953,477924.41,0.287,4.821,43124228,129.47
Wisconsin,2008,17,6707,5.12,2115373.50,Big-10,968,477924.41,0.287,4.417,44058940,170.37
Wisconsin,2009,16,6549,1.75,2120564.50,Big-10,967,477924.41,0.272,3.962,42721516,162.48
Wisconsin,2010,19,7398,16.50,2843493.00,Big-10,975,477924.41,0.257,2.957,47061520,187.47
Wisconsin,2011,16,6083,15.88,2825689.25,Big-10,985,477924.41,0.507,3.024,51018388,177.10
Wisconsin,2012,12,4372,1.69,2833873.25,Big-10,989,477924.41,0.574,2.965,52262120,197.94
Wisconsin,2013,12,4690,4.71,2543638.50,Big-10,998,477924.41,0.662,2.833,48102464,192.63
Wisconsin,2014,12,4211,6.88,2082365.13,Big-10,992,477924.41,0.706,3.669,44841980,199.62
Wisconsin,2015,14,3744,2.25,2085805.63,Big-10,990,477924.41,0.713,3.198,71220688,194.33
Northwestern,2006,3,661,0.00,1216228.00,Big-10,969,6850940.00,2.559,4.070,18251382,52.85
Northwestern,2007,3,661,0.00,1075009.88,Big-10,973,6850940.00,2.169,3.582,24091892,111.17
Northwestern,2008,5,893,0.47,1097353.75,Big-10,986,6850940.00,2.221,3.576,26378628,111.31
Northwestern,2009,5,893,0.00,1390337.25,Big-10,993,6850940.00,2.110,2.611,25088352,82.28
Northwestern,2010,2,232,0.00,1501292.25,Big-10,995,6850940.00,1.846,2.063,30650836,141.34
Northwestern,2011,4,578,0.00,1508369.00,Big-10,996,6850940.00,2.147,2.450,29028118,115.18
Northwestern,2012,4,672,1.25,2084252.75,Big-10,991,6850940.00,2.250,2.464,31108340,165.66
Northwestern,2013,6,948,3.18,1967420.50,Big-10,992,6850940.00,2.500,3.718,32027476,141.43
Northwestern,2014,7,1053,0.00,1718010.00,Big-10,992,6850940.00,2.588,2.678,31696352,169.62
Northwestern,2015,6,851,5.50,1354388.13,Big-10,995,6850940.00,2.632,2.826,36212908,176.85
Iowa,2006,16,5045,4.69,2982644.00,Big-10,950,131350.84,0.000,4.613,53335324,56.95
Iowa,2008,22,6853,0.35,3016734.00,Big-10,945,131350.84,0.000,1.413,42837264,158.53
Iowa,2009,19,5776,11.81,3032870.00,Big-10,947,131350.84,0.000,3.522,50668248,35.70
Iowa,2010,16,4533,8.88,3046355.00,Big-10,949,131350.84,0.000,3.655,48376992,252.89
Iowa,2011,13,4327,0.00,3065223.00,Big-10,961,131350.84,0.000,2.657,53172124,174.47
Iowa,2012,8,2869,0.00,3076310.00,Big-10,969,131350.84,0.000,1.915,57428976,199.85
Iowa,2013,11,3589,0.00,3091930.00,Big-10,966,131350.84,0.000,4.348,54551912,169.80
Iowa,2014,11,3954,0.00,3108030.00,Big-10,971,131350.84,0.000,1.347,52407188,165.44
Iowa,2015,12,4653,11.19,3121997.00,Big-10,971,131350.84,0.000,2.630,56551412,208.14
Purdue,2006,9,3311,0.00,477313.13,Big-10,920,447913.91,2.676,2.071,29569576,26.81
Purdue,2007,7,3118,0.19,443643.88,Big-10,926,447913.91,2.743,3.933,24733478,137.02
Purdue,2008,6,2199,0.00,476803.44,Big-10,930,447913.91,3.199,4.924,20176882,174.87
Purdue,2009,5,2208,0.00,535998.19,Big-10,939,447913.91,3.500,4.216,20020882,202.84
Purdue,2010,6,2046,0.00,536628.69,Big-10,950,447913.91,3.265,3.351,19955884,188.81
Purdue,2011,6,1361,0.00,541180.25,Big-10,953,447913.91,3.250,4.014,20246842,151.90
Purdue,2012,5,1203,0.00,657843.44,Big-10,961,447913.91,2.875,4.250,20862040,151.99
Purdue,2013,5,761,0.00,652203.56,Big-10,964,447913.91,2.993,4.435,20127836,171.26
Purdue,2014,4,602,0.00,662226.25,Big-10,968,447913.91,3.081,2.301,17090426,160.65
Purdue,2015,3,455,0.00,603399.69,Big-10,971,447913.91,2.735,2.803,18681316,186.34
Nebraska,2006,13,4189,4.13,1772693.00,Big-12,941,229118.28,0.000,5.163,30899822,26.91
Nebraska,2007,16,4122,2.00,1783440.00,Big-12,950,229118.28,0.000,4.052,56087840,172.33
Nebraska,2008,17,4605,0.00,1796378.00,Big-12,950,229118.28,0.000,3.251,60822252,166.25
Nebraska,2009,16,4439,3.50,1812683.00,Big-12,958,229118.28,0.000,4.447,55169312,188.00
Nebraska,2010,16,4063,15.56,1826341.00,Big-12,966,229118.28,0.000,3.425,59470008,247.47
Nebraska,2011,12,3327,11.38,1842283.00,Big-10,972,229118.28,0.000,3.722,58022588,207.20
Nebraska,2012,12,3469,4.81,1855725.00,Big-10,980,229118.28,0.000,3.943,57653884,218.45
Nebraska,2013,11,3364,0.94,1868559.00,Big-10,985,229118.28,0.000,2.315,61204608,215.29
Nebraska,2014,9,2495,5.24,1881145.00,Big-10,981,229118.28,0.000,2.512,60682312,201.57
Nebraska,2015,6,1358,0.00,1893765.00,Big-10,977,229118.28,0.000,2.233,65012080,219.70
Minnesota,2007,3,626,0.00,5207203.00,Big-10,915,1438875.13,1.000,3.927,27743858,90.65
Minnesota,2008,2,486,0.41,5247018.00,Big-10,934,1438875.13,1.000,3.898,28188262,149.65
Minnesota,2009,2,486,0.00,5281203.00,Big-10,935,1438875.13,1.000,3.419,35715676,128.67
Minnesota,2010,2,840,0.00,5303925.00,Big-10,932,1438875.13,1.000,5.097,33179288,142.28
Minnesota,2011,6,1913,0.00,5348562.00,Big-10,955,1438875.13,1.000,3.651,34727580,142.77
Minnesota,2012,8,2423,0.00,5380285.00,Big-10,962,1438875.13,1.000,2.601,37180796,165.41
Minnesota,2013,9,2548,0.00,5418521.00,Big-10,975,1438875.13,1.000,2.514,40509488,214.00
Minnesota,2014,7,1708,0.24,5453109.00,Big-10,992,1438875.13,1.000,3.975,35808792,209.20
Minnesota,2015,4,789,0.00,5482435.00,Big-10,992,1438875.13,1.000,3.672,49363392,186.47
Illinois,2006,8,3162,0.00,1806279.25,Big-10,930,326369.84,0.882,2.950,24428790,26.83
Illinois,2007,11,4875,3.25,2377503.00,Big-10,930,326369.84,0.794,4.987,28994774,155.41
Illinois,2008,14,6676,1.06,2479286.25,Big-10,951,326369.84,0.706,3.993,28315688,180.52
Illinois,2009,15,6565,0.00,2473539.00,Big-10,949,326369.84,0.551,3.950,27957772,122.38
Illinois,2010,12,5310,0.00,3576354.25,Big-10,953,326369.84,0.522,3.252,30521406,156.40
Illinois,2011,8,3484,1.50,4911107.00,Big-10,960,326369.84,0.250,3.600,32186780,193.10
Illinois,2012,7,1737,0.00,6337398.00,Big-10,957,326369.84,0.272,3.448,30204134,212.85
Illinois,2013,4,1248,0.00,6341685.00,Big-10,973,326369.84,0.250,3.803,30848418,220.63
Illinois,2014,4,1248,0.00,6433772.00,Big-10,982,326369.84,0.272,3.119,30850466,214.15
Illinois,2015,5,1377,0.00,6419523.50,Big-10,984,326369.84,0.272,3.155,32910978,180.07
Oklahoma,2006,19,8390,11.06,1269241.63,Big-12,942,202429.77,0.721,3.728,43839124,155.82
Oklahoma,2007,20,8116,20.44,1279700.38,Big-12,952,202429.77,0.699,3.645,46768508,273.53
Oklahoma,2008,23,8488,22.53,1288044.75,Big-12,962,202429.77,0.287,3.075,46958624,247.77
Oklahoma,2009,24,9009,6.75,816865.63,Big-12,960,202429.77,0.772,2.746,64415344,261.38
Oklahoma,2010,21,5455,16.56,637269.81,Big-12,970,202429.77,0.882,2.856,63925352,279.20
Oklahoma,2011,24,6775,19.44,573857.13,Big-12,960,202429.77,0.912,2.829,62835012,262.96
Oklahoma,2012,21,5945,14.88,379358.84,Big-12,965,202429.77,0.956,3.482,71876144,220.60
Oklahoma,2013,19,5368,10.94,374808.69,Big-12,963,202429.77,0.912,4.796,72604328,284.83
Oklahoma,2014,19,6487,12.06,316926.53,Big-12,955,202429.77,0.934,3.360,78816224,262.78
Oklahoma,2015,20,7672,13.88,360571.16,Big-12,965,202429.77,0.824,3.197,94142096,283.58
TCU,2007,13,3376,0.69,5957996.00,Mountain West,962,1476601.25,1.860,1.855,17079564,113.44
TCU,2008,15,3674,7.35,6077260.00,Mountain West,968,1476601.25,1.860,1.929,18321838,110.37
TCU,2009,12,3394,16.94,6200440.00,Mountain West,972,1476601.25,1.816,1.128,22772774,131.89
TCU,2010,10,2747,22.06,6286390.00,Mountain West,973,1476601.25,1.772,0.946,24574034,152.76
TCU,2011,7,1912,4.50,6330025.00,Mountain West,962,1476601.25,2.059,0.763,27380412,143.23
TCU,2012,10,3005,3.31,5380746.00,Big-12,945,1476601.25,2.265,4.603,33502730,155.69
TCU,2013,9,2684,0.59,5452085.00,Big-12,936,1476601.25,2.243,6.192,41150964,133.71
TCU,2014,11,2526,12.41,3756167.25,Big-12,935,1476601.25,2.404,4.105,41300836,196.02
TCU,2015,12,3468,19.63,2635396.75,Big-12,955,1476601.25,2.471,5.042,52009660,192.08
Oklahoma St.,2007,6,3021,0.00,173394.52,Big-12,939,145876.75,1.221,5.065,26407448,176.17
Oklahoma St.,2008,9,4881,9.76,176839.64,Big-12,945,145876.75,1.228,4.267,29225358,183.97
Oklahoma St.,2009,9,4254,10.69,179204.16,Big-12,942,145876.75,1.559,4.545,36229280,191.12
Oklahoma St.,2010,6,3183,6.81,211928.39,Big-12,928,145876.75,1.537,3.272,36101516,157.39
Oklahoma St.,2011,6,3046,21.00,229399.48,Big-12,926,145876.75,1.574,3.840,43349116,213.74
Oklahoma St.,2012,4,1865,1.31,197363.67,Big-12,930,145876.75,1.537,4.439,40040376,208.78
Oklahoma St.,2013,5,1942,11.76,192919.08,Big-12,934,145876.75,1.485,4.913,49476724,204.03
Oklahoma St.,2014,8,2188,1.71,211225.63,Big-12,947,145876.75,1.243,4.611,43822616,209.57
Oklahoma St.,2015,9,2435,9.69,237990.41,Big-12,953,145876.75,1.228,3.889,47760616,213.10
Iowa St.,2007,3,428,0.00,2999212.00,Big-12,935,65376.90,0.000,4.984,19891230,166.21
Iowa St.,2008,2,598,0.00,3016734.00,Big-12,926,65376.90,0.000,1.745,23415682,127.90
Iowa St.,2009,4,874,0.00,3032870.00,Big-12,932,65376.90,0.000,1.395,22071740,143.53
Iowa St.,2010,4,911,0.00,3046355.00,Big-12,938,65376.90,0.000,4.982,23763624,151.53
Iowa St.,2011,4,911,0.00,3065223.00,Big-12,928,65376.90,0.000,4.416,31374870,164.57
Iowa St.,2012,3,434,0.00,3076310.00,Big-12,948,65376.90,0.000,5.296,30418710,155.95
Iowa St.,2013,1,158,0.00,3091930.00,Big-12,951,65376.90,0.000,5.720,31503822,155.21
Iowa St.,2014,0,0,0.00,3108030.00,Big-12,958,65376.90,0.000,5.360,33107154,159.69
Iowa St.,2015,2,686,0.00,3121997.00,Big-12,969,65376.90,0.000,4.905,41789112,175.20
Kansas St.,2006,7,2426,0.00,1381465.50,Big-12,935,43466.73,0.272,2.848,25564930,80.08
Kansas St.,2007,5,2224,0.19,1391892.50,Big-12,939,43466.73,0.287,3.484,25028754,216.77
Kansas St.,2008,4,1590,0.00,751350.06,Big-12,934,43466.73,0.794,3.098,23544948,167.35
Kansas St.,2009,6,1626,0.00,607450.75,Big-12,940,43466.73,0.831,2.756,19415054,208.77
Kansas St.,2010,6,1577,0.00,556845.94,Big-12,943,43466.73,0.868,2.557,21447414,177.71
Kansas St.,2011,7,1673,7.44,560043.88,Big-12,948,43466.73,0.787,4.613,27652602,168.16
Kansas St.,2012,7,2053,17.13,563119.56,Big-12,968,43466.73,0.691,6.041,31967050,189.40
Kansas St.,2013,6,1720,0.00,564594.81,Big-12,976,43466.73,0.250,4.925,33295356,198.72
Kansas St.,2014,6,1767,10.53,868921.38,Big-12,975,43466.73,0.272,5.050,34760676,160.93
Kansas St.,2015,6,1942,0.00,1196885.13,Big-12,975,43466.73,0.272,4.223,38447972,164.45
Texas,2006,22,9490,18.00,3874084.75,Big-12,942,849235.88,1.500,4.318,75056552,109.14
Texas,2007,19,7582,13.06,3894114.75,Big-12,939,849235.88,1.603,2.713,83374168,305.24
Texas,2008,17,6457,21.12,3925929.75,Big-12,947,849235.88,1.522,3.281,96458136,237.40
Texas,2009,16,6326,23.63,4197880.00,Big-12,941,849235.88,1.449,2.443,103804216,256.03
Texas,2010,10,3393,5.63,4249337.00,Big-12,937,849235.88,1.338,1.877,104075744,218.62
Texas,2011,11,3451,2.81,4326434.50,Big-12,936,849235.88,1.735,2.297,109392712,281.78
Texas,2012,9,3195,7.44,3358500.00,Big-12,947,849235.88,2.051,3.771,112900608,293.10
Texas,2013,7,2024,1.65,3010471.25,Big-12,958,849235.88,2.074,5.056,114453880,271.60
Texas,2014,11,3248,0.00,2005000.50,Big-12,971,849235.88,2.324,4.144,121503936,277.12
Texas,2015,8,2073,0.00,1534306.25,Big-12,978,849235.88,2.382,4.524,127465312,312.07
West Virginia,2007,11,2299,19.94,487779.78,Big East,939,486882.34,1.669,2.414,31488060,141.52
West Virginia,2008,11,2851,3.00,487140.88,Big East,952,486882.34,1.596,1.785,31886424,129.60
West Virginia,2009,11,3877,1.31,489410.69,Big East,962,486882.34,1.669,2.335,32560898,157.73
West Virginia,2010,12,4523,1.69,493792.34,Big East,953,486882.34,1.779,2.401,21696448,172.44
West Virginia,2011,12,5182,5.50,499811.91,Big East,950,486882.34,1.801,2.673,25771498,142.51
West Virginia,2012,14,5814,8.50,504443.47,Big-12,942,486882.34,1.765,4.327,27028776,210.32
West Virginia,2013,13,4393,0.00,503538.97,Big-12,942,486882.34,1.603,4.876,18928392,169.81
West Virginia,2014,12,3861,0.71,504608.28,Big-12,945,486882.34,1.272,6.588,22533026,225.23
West Virginia,2015,13,3637,0.19,562066.00,Big-12,940,486882.34,1.272,4.261,19300894,211.69
Texas Tech,2007,6,2312,0.50,23831984.00,Big-12,935,167889.23,0.000,3.554,23101258,173.15
Texas Tech,2008,6,2312,18.18,24309040.00,Big-12,944,167889.23,0.000,3.411,25970472,108.77
Texas Tech,2009,2,252,0.63,24801760.00,Big-12,944,167889.23,0.000,3.223,28951392,157.29
Texas Tech,2010,3,775,0.00,25145560.00,Big-12,946,167889.23,0.000,3.254,28879660,172.32
Texas Tech,2011,2,658,0.44,25646388.00,Big-12,941,167889.23,0.000,3.871,35311744,192.05
Texas Tech,2012,5,1338,1.81,26071656.00,Big-12,932,167889.23,0.000,4.695,35686672,170.43
Texas Tech,2013,6,2234,3.12,26473524.00,Big-12,936,167889.23,0.000,4.894,38921964,131.78
Texas Tech,2014,6,1991,0.00,26944752.00,Big-12,941,167889.23,0.000,5.145,39305972,206.43
Texas Tech,2015,7,2096,0.00,27429640.00,Big-12,947,167889.23,0.000,5.802,42485160,207.32
Baylor,2007,7,3275,0.00,838858.94,Big-12,930,232904.34,3.787,4.275,12632526,168.66
Baylor,2008,12,5584,0.00,883802.75,Big-12,945,232904.34,3.691,4.366,13102118,126.41
Baylor,2009,12,4999,0.00,869303.50,Big-12,951,232904.34,3.654,4.121,15862234,80.82
Baylor,2010,15,5139,0.31,801814.38,Big-12,956,232904.34,3.721,4.158,16339083,125.15
Baylor,2011,13,3764,4.81,785754.81,Big-12,962,232904.34,3.853,4.592,20960956,154.18
Baylor,2012,14,3552,0.06,869353.94,Big-12,957,232904.34,3.941,4.927,27110708,128.62
Baylor,2013,14,3258,13.41,899450.75,Big-12,960,232904.34,3.824,4.941,28807090,157.42
Baylor,2014,9,2609,18.65,907729.69,Big-12,969,232904.34,3.750,4.867,35610988,183.32
Baylor,2015,8,2644,19.88,976072.88,Big-12,973,232904.34,3.794,3.801,38305936,206.15
Kansas,2007,7,1921,10.75,425005.34,Big-12,941,1893724.25,1.676,2.004,16961274,134.82
Kansas,2008,3,537,5.24,486864.31,Big-12,952,1893724.25,1.596,3.439,19467154,151.57
Kansas,2009,4,692,2.63,715476.81,Big-12,952,1893724.25,1.551,4.082,19762626,130.26
Kansas,2010,1,155,0.00,1241042.38,Big-12,971,1893724.25,1.522,1.294,10354101,164.63
Kansas,2011,4,586,0.00,1412902.50,Big-12,958,1893724.25,1.250,4.292,16167741,169.98
Kansas,2012,4,586,0.00,885665.88,Big-12,959,1893724.25,1.750,5.008,21620116,163.81
Kansas,2013,3,431,0.00,475599.38,Big-12,945,1893724.25,1.882,4.838,23578608,184.11
Kansas,2014,4,670,0.00,482406.25,Big-12,936,1893724.25,1.912,4.642,26012554,195.98
Kansas,2015,1,239,0.00,370909.72,Big-12,943,1893724.25,1.890,4.134,30245132,177.90
Akron,2007,1,244,0.00,2416064.75,MAC,926,3121834.00,3.912,1.393,5380043,76.83
Akron,2008,0,0,0.00,2410198.00,MAC,927,3121834.00,3.765,0.604,1736992,78.88
Akron,2009,0,0,0.00,2414170.50,MAC,924,3121834.00,3.882,0.579,6340522,75.91
Akron,2010,0,0,0.00,2427420.50,MAC,933,3121834.00,4.074,0.137,5973860,88.92
Akron,2011,0,0,0.00,2450433.00,MAC,932,3121834.00,4.103,1.934,6236197,102.97
Akron,2012,1,139,0.00,2467910.50,MAC,932,3121834.00,4.074,0.242,7002903,128.55
Akron,2013,1,139,0.00,2403195.25,MAC,947,3121834.00,4.441,0.369,6876040,106.94
Akron,2014,1,139,0.00,2417557.50,MAC,947,3121834.00,3.765,0.733,7162266,124.68
Akron,2015,2,271,0.00,2632636.25,MAC,947,3121834.00,3.794,1.165,7473209,136.89
Alabama-Birmingham,2007,0,0,0.00,851154.81,Conference USA,875,366969.25,0.831,1.254,6232443,91.70
Alabama-Birmingham,2008,0,0,0.00,809536.19,Conference USA,887,366969.25,0.846,0.992,6446366,84.94
Alabama-Birmingham,2009,0,0,0.00,582847.38,Conference USA,901,366969.25,0.912,0.196,7526787,88.92
Alabama-Birmingham,2010,0,0,0.00,396947.25,Conference USA,953,366969.25,0.956,0.563,7201589,110.09
Alabama-Birmingham,2011,0,0,0.00,314589.22,Conference USA,950,366969.25,1.000,1.591,7749835,155.39
Alabama-Birmingham,2012,0,0,0.00,284153.34,Conference USA,943,366969.25,1.000,2.007,7473305,81.18
Alabama-Birmingham,2013,0,0,0.00,229975.19,Conference USA,,366969.25,1.000,1.598,9135606,105.82
Alabama-Birmingham,2014,0,0,0.00,196049.14,Conference USA,,366969.25,1.000,0.557,6940348,149.82
Arkansas State,2007,0,0,0.00,1417238.75,Sun Belt,941,82973.97,0.588,2.684,4240065,90.16
Arkansas State,2008,0,0,0.00,1430054.50,Sun Belt,945,82973.97,0.287,0.426,4103680,92.91
Arkansas State,2009,0,0,0.00,1441069.13,Sun Belt,943,82973.97,0.272,1.085,4155406,88.33
Arkansas State,2010,0,0,0.00,1450482.25,Sun Belt,948,82973.97,0.257,1.345,4355875,61.04
Arkansas State,2011,0,0,0.00,1469746.50,Sun Belt,938,82973.97,0.250,0.851,4574949,64.59
Arkansas State,2012,0,0,0.00,1475342.50,Sun Belt,938,82973.97,0.272,1.431,5932421,75.26
Arkansas State,2013,0,0,0.00,1479331.50,Sun Belt,951,82973.97,0.250,0.909,6038753,85.47
Arkansas State,2014,0,0,0.00,1483456.00,Sun Belt,950,82973.97,0.272,0.314,6507617,80.06
Arkansas State,2015,0,0,0.00,1481368.50,Sun Belt,965,82973.97,0.544,0.835,6864360,142.14
Ball State,2008,0,0,4.65,692871.25,MAC,935,295512.44,5.926,0.088,5706817,68.50
Ball State,2009,0,0,0.00,652591.63,MAC,942,295512.44,5.662,0.909,5803870,76.90
Ball State,2010,0,0,0.00,622701.75,MAC,946,295512.44,5.853,0.503,6234157,70.61
Ball State,2011,0,0,0.00,690063.94,MAC,948,295512.44,5.221,1.196,6115880,96.34
Ball State,2012,0,0,0.00,730600.31,MAC,957,295512.44,5.324,0.514,6116466,110.69
Ball State,2013,0,0,0.00,725743.63,MAC,958,295512.44,4.765,0.067,6622635,85.39
Ball State,2015,0,0,0.00,838358.69,MAC,955,295512.44,4.853,0.675,7220032,142.28
Boise State,2007,0,0,2.50,1505105.00,WAC,966,431987.00,0.000,0.421,9766899,76.83
Boise State,2008,0,0,10.76,1534320.00,WAC,974,431987.00,0.000,0.939,9378411,71.83
Boise State,2009,0,0,19.06,1554439.00,WAC,981,431987.00,0.000,0.888,16039351,94.26
Boise State,2010,0,0,21.88,1567582.00,WAC,989,431987.00,0.000,1.542,14076745,122.57
Boise State,2011,0,0,20.19,1584143.00,Mountain West,993,431987.00,0.000,1.635,16169977,106.05
Boise State,2012,0,0,2.31,1595911.00,Mountain West,988,431987.00,0.000,0.519,15773218,149.94
Boise State,2013,0,0,0.41,1612011.00,Mountain West,981,431987.00,0.000,0.290,19305016,118.14
Boise State,2014,0,0,1.18,1633532.00,Mountain West,982,431987.00,0.000,0.352,20227216,161.31
Boise State,2015,0,0,0.94,1652828.00,Mountain West,979,431987.00,0.000,0.155,20321986,115.97
Bowling Green State,2007,0,0,0.00,623669.63,MAC,920,901950.50,2.529,0.411,4717068,81.31
Bowling Green State,2008,0,0,0.00,678181.88,MAC,931,901950.50,2.500,0.675,2332959,90.32
Bowling Green State,2009,0,0,0.00,795656.19,MAC,941,901950.50,2.463,0.866,4590590,82.68
Bowling Green State,2010,0,0,0.00,1002724.81,MAC,951,901950.50,2.228,0.639,5266860,77.41
Bowling Green State,2011,0,0,0.00,1205433.75,MAC,963,901950.50,2.169,0.720,5396864,93.28
Bowling Green State,2012,0,0,0.00,1185641.63,MAC,965,901950.50,2.338,1.959,6368611,66.74
Bowling Green State,2013,0,0,0.00,1626510.38,MAC,961,901950.50,2.596,0.252,6520745,71.09
Bowling Green State,2014,0,0,0.00,1620901.50,MAC,953,901950.50,2.669,0.622,6581102,129.11
Bowling Green State,2015,0,0,0.00,1622394.88,MAC,946,901950.50,2.603,0.075,6754237,146.16
Brigham Young,2007,0,0,0.00,953671.69,Mountain West,942,223499.39,0.860,0.718,12787864,167.84
Brigham Young,2008,0,0,0.00,966315.94,Mountain West,940,223499.39,0.287,0.744,13788618,123.78
Brigham Young,2009,0,0,0.00,659541.75,Mountain West,929,223499.39,0.824,2.397,17418398,130.71
Brigham Young,2010,0,0,0.00,599012.44,Mountain West,932,223499.39,0.860,1.339,17026204,123.25
Brigham Young,2011,0,0,0.00,700534.44,Independent,931,223499.39,0.919,2.727,23610552,128.22
Brigham Young,2012,0,0,0.00,707749.19,Independent,938,223499.39,0.824,2.174,19235720,168.65
Brigham Young,2013,0,0,0.00,714815.63,Independent,952,223499.39,0.801,3.713,22596878,176.15
Brigham Young,2014,0,0,0.00,729100.38,Independent,953,223499.39,0.272,2.128,19922376,181.77
Brigham Young,2015,0,0,0.00,1009881.56,Independent,951,223499.39,0.684,2.783,25469620,211.56
Buffalo,2007,4,571,0.00,19132336.00,MAC,908,666913.06,1.000,0.568,2151400,76.26
Buffalo,2008,2,314,0.00,19212436.00,MAC,921,666913.06,1.000,0.390,5772053,73.52
Buffalo,2009,3,485,0.00,19307066.00,MAC,930,666913.06,1.000,0.245,5824463,72.05
Buffalo,2010,3,1303,0.00,19378102.00,MAC,923,666913.06,1.000,0.094,6456958,75.75
Buffalo,2011,3,1254,0.00,19519528.00,MAC,925,666913.06,1.000,0.586,6328427,96.91
Buffalo,2012,3,1254,0.00,19602768.00,MAC,932,666913.06,1.000,0.792,6687556,61.45
Buffalo,2013,3,1188,0.00,19673546.00,MAC,948,666913.06,1.000,1.293,6810456,65.34
Buffalo,2014,2,235,0.00,19718516.00,MAC,970,666913.06,1.000,0.296,7267013,90.58
Buffalo,2015,1,105,0.00,19747184.00,MAC,977,666913.06,1.000,0.408,7539610,125.67
Central Florida,2007,7,1990,0.00,9183921.00,Conference USA,960,695046.31,1.287,1.599,6076775,156.61
Central Florida,2008,5,1672,0.00,6134459.00,Conference USA,972,695046.31,1.735,1.666,9741522,109.00
Central Florida,2009,6,1775,0.00,4675087.00,Conference USA,971,695046.31,1.801,2.184,16765967,73.92
Central Florida,2010,7,2272,0.38,4559317.50,Conference USA,974,695046.31,1.824,0.941,14588252,115.27
Central Florida,2011,7,2782,0.00,4631011.00,Conference USA,975,695046.31,1.757,0.386,12867901,112.86
Central Florida,2012,6,2339,0.00,4384072.50,Conference USA,978,695046.31,1.684,1.727,15182930,154.18
Central Florida,2013,5,2422,5.06,4437981.50,AAC,977,695046.31,1.676,1.753,21633692,162.50
Central Florida,2014,7,2822,0.00,5924306.00,AAC,983,695046.31,1.669,1.210,23650148,163.27
Central Florida,2015,6,2319,0.00,8442560.00,AAC,984,695046.31,1.272,2.233,22377608,189.21
Central Michigan,2007,2,272,0.00,2193264.00,MAC,930,559212.38,0.993,0.476,6528729,73.52
Central Michigan,2008,2,272,0.00,2207941.75,MAC,941,559212.38,0.956,1.510,8801707,92.09
Central Michigan,2009,3,1272,0.25,2104893.50,MAC,943,559212.38,0.956,0.579,7774451,72.40
Central Michigan,2010,1,1000,0.00,2445696.75,MAC,941,559212.38,0.926,0.999,6329029,64.54
Central Michigan,2011,2,1135,0.00,1704613.25,MAC,937,559212.38,1.066,0.381,4624724,62.50
Central Michigan,2012,3,1265,0.00,1422940.75,MAC,940,559212.38,1.132,0.695,6966068,80.68
Central Michigan,2013,2,265,0.00,1317148.50,MAC,949,559212.38,1.118,0.363,5973781,100.63
Central Michigan,2014,3,419,0.00,1152722.63,MAC,967,559212.38,1.140,0.229,6978080,154.04
Central Michigan,2015,4,1039,0.00,899108.31,MAC,974,559212.38,1.169,1.372,6274563,127.67
Cincinnati,2007,11,2102,3.13,403808.56,Big East,947,810384.31,7.529,1.380,10491225,87.58
Cincinnati,2008,13,3597,3.35,350668.63,Big East,950,810384.31,8.397,3.908,12622175,82.93
Cincinnati,2009,9,2873,16.50,353293.25,Big East,936,810384.31,9.088,2.786,14724093,72.99
Cincinnati,2010,6,2333,0.00,369320.44,Big East,939,810384.31,8.735,3.187,14518543,93.59
Cincinnati,2011,5,2197,0.56,362410.34,Big East,943,810384.31,6.926,1.725,16145869,63.40
Cincinnati,2012,3,997,0.63,412833.97,Big East,944,810384.31,6.074,1.522,16985038,111.09
Cincinnati,2013,3,674,0.00,464524.88,AAC,962,810384.31,6.956,0.722,14816439,90.28
Cincinnati,2014,4,777,0.00,449466.78,AAC,967,810384.31,7.265,2.276,13835112,176.05
Cincinnati,2015,5,887,0.00,466488.44,AAC,976,810384.31,7.338,0.570,13848429,184.21
Colorado State,2006,0,0,0.00,793282.38,Mountain West,941,1399423.25,0.897,0.975,4830879,26.31
Colorado State,2007,0,0,0.00,810095.81,Mountain West,944,1399423.25,0.912,1.161,4400273,104.10
Colorado State,2008,0,0,0.00,1045536.25,Mountain West,945,1399423.25,0.904,1.092,6587419,103.13
Colorado State,2009,0,0,0.00,1561779.25,Mountain West,948,1399423.25,0.544,0.764,8053401,122.11
Colorado State,2010,0,0,0.00,1637020.13,Mountain West,954,1399423.25,0.515,0.942,8417799,94.42
Colorado State,2011,0,0,0.00,1666043.38,Mountain West,947,1399423.25,0.500,1.655,9381357,112.11
Colorado State,2012,0,0,0.00,1729955.63,Mountain West,943,1399423.25,0.544,1.307,11613340,123.40
Colorado State,2013,0,0,0.00,1755867.63,Mountain West,944,1399423.25,0.500,2.474,12245277,114.44
Colorado State,2014,0,0,0.71,1783216.00,Mountain West,954,1399423.25,0.544,1.414,13015284,125.17
Colorado State,2015,0,0,0.00,1816273.00,Mountain West,966,1399423.25,0.544,0.969,13446340,172.59
Connecticut,2007,11,3503,1.69,581098.88,Big East,951,2617370.25,2.390,1.472,15949601,66.92
Connecticut,2008,10,3624,0.12,428586.47,Big East,949,2617370.25,2.456,1.717,14889974,87.69
Connecticut,2009,11,3032,0.00,419539.78,Big East,953,2617370.25,2.397,2.155,15912012,87.28
Connecticut,2010,11,2892,0.06,418704.59,Big East,963,2617370.25,2.346,3.473,19052828,114.29
Connecticut,2011,10,3310,0.00,438012.09,Big East,958,2617370.25,2.125,1.954,13604408,91.46
Connecticut,2012,9,2765,0.00,507420.84,Big East,957,2617370.25,1.816,1.155,11499030,152.51
Connecticut,2013,5,1592,0.00,556319.44,AAC,960,2617370.25,1.750,1.055,10815472,124.74
Connecticut,2014,4,1498,0.00,860644.38,AAC,969,2617370.25,1.816,1.527,8316649,142.56
Connecticut,2015,2,637,0.00,896182.50,AAC,975,2617370.25,1.816,0.827,17673180,151.10
East Carolina,2007,6,1868,0.00,1572075.38,Conference USA,932,216926.95,0.860,1.962,9803707,80.47
East Carolina,2008,5,1116,1.53,1619746.00,Conference USA,941,216926.95,0.860,1.911,8627749,82.19
East Carolina,2009,4,949,0.00,2057905.50,Conference USA,943,216926.95,1.176,1.616,10638208,102.81
East Carolina,2010,1,138,0.00,2087904.88,Conference USA,952,216926.95,1.176,0.937,11754185,47.30
East Carolina,2011,1,265,0.00,2021908.00,Conference USA,945,216926.95,1.559,1.183,12612561,115.08
East Carolina,2012,1,265,0.00,2041855.25,Conference USA,941,216926.95,1.574,0.584,10406006,118.48
East Carolina,2013,2,901,0.00,2061845.00,Conference USA,950,216926.95,1.456,0.772,10132334,119.53
East Carolina,2014,2,901,2.06,2015675.13,AAC,943,216926.95,1.169,2.681,12311552,124.38
East Carolina,2015,1,636,0.00,2088000.50,AAC,947,216926.95,1.522,1.626,12264915,152.95
East. Michigan,2007,2,771,0.00,443319.31,MAC,934,3271650.00,3.824,1.512,5320983,77.27
East. Michigan,2008,1,259,0.00,472524.97,MAC,932,3271650.00,3.456,0.315,5825386,74.64
East. Michigan,2009,0,0,0.00,531701.88,MAC,937,3271650.00,3.419,1.228,6714815,72.70
East. Michigan,2010,0,0,0.00,678975.25,MAC,935,3271650.00,3.154,1.725,7199193,28.36
East. Michigan,2011,0,0,0.00,687225.75,MAC,934,3271650.00,3.235,1.256,6809161,49.67
East. Michigan,2012,1,129,0.00,630132.75,MAC,940,3271650.00,3.471,0.405,6490943,69.38
East. Michigan,2013,2,234,0.00,726324.69,MAC,942,3271650.00,3.713,0.762,5649319,77.66
East. Michigan,2014,2,234,0.00,672022.94,MAC,948,3271650.00,3.809,1.673,6297735,102.10
East. Michigan,2015,3,503,0.00,577159.19,MAC,947,3271650.00,3.772,1.398,7365900,110.90
Florida Atlantic,2009,3,705,0.00,1463538.13,Sun Belt,920,1995583.63,1.919,0.293,2520259,15.54
Florida Atlantic,2010,4,835,0.00,1730291.38,Sun Belt,930,1995583.63,2.051,1.925,7453771,28.65
Florida Atlantic,2011,4,857,0.00,2223774.75,Sun Belt,932,1995583.63,2.074,2.445,10844968,32.72
Florida Atlantic,2015,3,807,0.00,3042947.25,Conference USA,949,1995583.63,2.029,1.092,7817872,66.11
Florida International,2007,1,125,0.00,865591.06,Sun Belt,904,1441868.00,2.228,2.254,8187510,6.67
Florida International,2009,4,1254,0.00,1463538.13,Sun Belt,936,1441868.00,1.919,1.832,7641104,4.44
Florida International,2010,4,1254,0.00,1730291.38,Sun Belt,934,1441868.00,2.051,0.353,8441254,26.01
Florida International,2011,3,1129,0.00,2223774.75,Sun Belt,930,1441868.00,2.074,0.353,8393337,90.73
Florida International,2012,2,808,0.00,3356678.25,Sun Belt,933,1441868.00,2.096,0.307,8429544,93.66
Florida International,2013,1,289,0.00,3604281.00,Conference USA,933,1441868.00,1.971,0.223,7278899,123.67
Florida International,2014,2,416,0.00,2975720.00,Conference USA,938,1441868.00,2.037,0.418,9166583,152.22
Florida International,2015,2,416,0.00,3042947.25,Conference USA,936,1441868.00,2.029,0.126,9454845,153.54
Fresno State,2008,0,0,0.94,36604336.00,WAC,946,1056416.38,0.000,1.244,11469641,108.00
Fresno State,2009,0,0,0.00,36961228.00,WAC,952,1056416.38,0.000,1.218,10002102,72.67
Fresno State,2010,0,0,0.00,37253956.00,WAC,948,1056416.38,0.000,1.217,10934705,100.59
Fresno State,2011,0,0,0.00,37676860.00,WAC,950,1056416.38,0.000,1.821,9060655,111.54
Fresno State,2012,0,0,0.00,38011072.00,Mountain West,948,1056416.38,0.000,2.230,10014570,129.21
Fresno State,2013,0,0,5.06,38335204.00,Mountain West,949,1056416.38,0.000,2.096,11344166,143.22
Fresno State,2014,0,0,0.00,38680808.00,Mountain West,953,1056416.38,0.000,2.377,13565794,130.40
Fresno State,2015,0,0,0.00,38993940.00,Mountain West,944,1056416.38,0.000,0.668,11381458,175.17
Georgia Southern,2015,2,280,0.00,10199398.00,Sun Belt,933,38286.91,0.000,0.875,7799526,13.33
Hawaii,2007,7,1866,9.56,1315675.00,WAC,935,875489.00,0.000,1.798,13948733,109.63
Hawaii,2008,7,1860,0.00,1332213.00,WAC,950,875489.00,0.000,2.156,8285335,93.21
Hawaii,2009,4,888,0.00,1346717.00,WAC,959,875489.00,0.000,1.182,7174651,91.28
Hawaii,2010,4,888,0.19,1360301.00,WAC,951,875489.00,0.000,2.188,8352569,112.61
Hawaii,2011,2,249,0.00,1377864.00,WAC,962,875489.00,0.000,0.115,7533890,46.53
Hawaii,2012,1,118,0.00,1391820.00,Mountain West,962,875489.00,0.000,2.443,6324889,140.68
Hawaii,2013,1,118,0.00,1406481.00,Mountain West,966,875489.00,0.000,1.357,9993101,134.54
Hawaii,2014,1,118,0.00,1416349.00,Mountain West,971,875489.00,0.000,0.391,10726906,151.83
Hawaii,2015,2,703,0.00,1425157.00,Mountain West,968,875489.00,0.000,2.734,11979786,155.71
Houston,2007,2,1159,0.00,5784462.00,Conference USA,942,1468989.75,2.029,1.152,5303523,159.33
Houston,2008,1,489,0.00,5799024.00,Conference USA,942,1468989.75,1.949,0.138,4366922,125.88
Houston,2009,1,874,5.50,6346142.50,Conference USA,929,1468989.75,1.904,0.533,8530092,93.19
Houston,2010,1,874,0.19,6418735.50,Conference USA,926,1468989.75,1.824,0.616,8562549,102.37
Houston,2011,1,874,6.69,6616222.50,Conference USA,937,1468989.75,1.926,0.794,8693624,101.62
Houston,2012,4,1876,0.00,5301783.00,Conference USA,937,1468989.75,2.059,0.071,8785770,137.41
Houston,2013,6,1909,0.00,4458215.00,AAC,941,1468989.75,2.081,0.753,9542082,129.82
Houston,2014,7,2035,0.00,3259982.25,AAC,944,1468989.75,2.191,0.582,11317530,162.28
Houston,2015,10,3285,5.63,2896664.50,AAC,942,1468989.75,2.184,1.431,16180918,185.42
Idaho,2007,6,1491,0.00,165033.44,WAC,905,12567.17,0.875,2.494,5043177,77.27
Idaho,2008,6,1545,0.00,194242.56,WAC,908,12567.17,0.868,0.531,6498404,89.31
Idaho,2009,5,1419,0.00,312802.91,WAC,923,12567.17,0.816,0.690,6496103,79.45
Idaho,2010,4,598,0.00,520737.84,WAC,934,12567.17,0.515,0.962,8335676,72.10
Idaho,2011,1,158,0.00,526239.31,WAC,919,12567.17,0.500,0.374,7884267,92.85
Idaho,2012,0,0,0.00,530148.50,WAC,901,12567.17,0.544,1.548,5787255,88.76
Idaho,2013,0,0,0.00,537337.00,Independent,896,12567.17,0.500,0.576,5991801,83.12
Idaho,2014,0,0,0.00,544510.69,Sun Belt,904,12567.17,0.544,0.004,6210425,78.81
Idaho,2015,1,109,0.00,550942.69,Sun Belt,927,12567.17,0.544,1.258,6913838,140.01
Kent State,2007,0,0,0.00,2416064.75,MAC,919,1388889.75,3.912,1.516,6903903,6.67
Kent State,2008,0,0,0.00,2410198.00,MAC,929,1388889.75,3.765,0.580,5503803,78.45
Kent State,2009,0,0,0.00,2414170.50,MAC,942,1388889.75,3.882,0.470,4856001,67.72
Kent State,2010,0,0,0.00,2427420.50,MAC,935,1388889.75,4.074,1.143,5250551,65.23
Kent State,2011,0,0,0.00,2450433.00,MAC,933,1388889.75,4.103,1.113,5572426,48.84
Kent State,2012,0,0,0.81,2467910.50,MAC,944,1388889.75,4.074,0.255,5529206,95.57
Kent State,2013,0,0,0.00,2472009.00,MAC,945,1388889.75,3.706,2.194,5855636,112.84
Kent State,2014,0,0,0.00,2486328.25,MAC,961,1388889.75,3.088,1.500,5657959,125.90
Kent State,2015,0,0,0.00,2714317.00,MAC,978,1388889.75,3.088,0.061,6139482,138.28
Louisiana Tech,2007,2,543,0.00,2187790.50,WAC,934,34960.01,0.287,2.104,3205237,45.48
Louisiana Tech,2008,2,543,0.00,2217793.00,WAC,939,34960.01,0.287,0.675,3123063,130.03
Louisiana Tech,2009,4,901,0.00,2245824.00,WAC,944,34960.01,0.272,2.940,5569501,78.11
Louisiana Tech,2010,4,754,0.00,2266686.00,WAC,946,34960.01,0.257,0.993,5763433,85.65
Louisiana Tech,2011,4,754,0.00,2287702.00,WAC,951,34960.01,0.250,1.065,6472773,104.59
Louisiana Tech,2012,7,1779,1.44,2301714.50,WAC,941,34960.01,0.272,0.444,6349799,126.35
Louisiana Tech,2013,8,2059,0.00,2313201.00,Conference USA,941,34960.01,0.250,0.297,6340099,124.43
Louisiana Tech,2014,7,1797,0.00,2323940.00,Conference USA,934,34960.01,0.272,1.579,7480623,155.85
Louisiana Tech,2015,8,2148,0.00,2334480.00,Conference USA,937,34960.01,0.272,0.766,7571143,154.22
Louisiana-Lafayette,2007,0,0,0.00,284313.25,Sun Belt,916,320925.13,0.978,1.200,4050985,60.25
Louisiana-Lafayette,2008,0,0,0.00,242877.77,Sun Belt,934,320925.13,0.985,0.373,4421874,90.56
Louisiana-Lafayette,2009,0,0,0.00,232163.23,Sun Belt,943,320925.13,0.971,1.804,4652128,77.34
Louisiana-Lafayette,2010,0,0,0.00,241746.61,Sun Belt,948,320925.13,0.971,1.480,5258122,94.87
Louisiana-Lafayette,2011,0,0,0.00,237970.08,Sun Belt,956,320925.13,0.949,0.420,6209557,76.72
Louisiana-Lafayette,2012,0,0,0.00,231004.97,Sun Belt,951,320925.13,0.985,1.841,6997080,83.02
Louisiana-Lafayette,2013,0,0,0.00,226761.50,Sun Belt,953,320925.13,0.985,0.726,7880058,82.66
Louisiana-Lafayette,2014,0,0,0.00,246478.48,Sun Belt,950,320925.13,0.985,1.134,7961130,77.11
Louisiana-Lafayette,2015,0,0,0.00,260271.95,Sun Belt,954,320925.13,0.963,0.020,7424084,86.44
Louisiana-Monroe,2007,0,0,0.00,2187790.50,Sun Belt,906,101041.70,0.287,0.546,2968718,76.83
Louisiana-Monroe,2008,0,0,0.00,2217793.00,Sun Belt,902,101041.70,0.287,0.964,2917838,77.60
Louisiana-Monroe,2009,0,0,0.00,2245824.00,Sun Belt,908,101041.70,0.272,1.934,3295440,76.25
Louisiana-Monroe,2010,0,0,0.00,2266686.00,Sun Belt,917,101041.70,0.257,2.338,3210323,55.67
Louisiana-Monroe,2011,0,0,0.00,2287702.00,Sun Belt,940,101041.70,0.250,1.500,3781838,69.77
Louisiana-Monroe,2012,0,0,0.00,2301714.50,Sun Belt,951,101041.70,0.272,1.200,3382587,69.54
Louisiana-Monroe,2013,0,0,0.00,2068023.00,Sun Belt,969,101041.70,0.647,1.515,4177602,116.95
Louisiana-Monroe,2014,0,0,0.00,2079873.25,Sun Belt,967,101041.70,0.647,1.881,4075806,116.77
Louisiana-Monroe,2015,0,0,0.00,2089306.25,Sun Belt,963,101041.70,0.632,2.430,5158578,85.12
Marshall,2007,0,0,0.00,917026.00,Conference USA,939,356010.97,0.287,2.045,9271206,60.25
Marshall,2008,1,483,0.00,920155.00,Conference USA,950,356010.97,0.287,1.357,7554800,82.05
Marshall,2009,2,966,0.00,923887.50,Conference USA,947,356010.97,0.272,1.688,8246047,91.43
Marshall,2010,3,1101,0.00,926497.00,Conference USA,951,356010.97,0.257,2.295,9288466,106.85
Marshall,2011,4,1208,0.00,927486.00,Conference USA,948,356010.97,0.250,1.862,9443276,108.78
Marshall,2012,3,725,0.00,928280.00,Conference USA,948,356010.97,0.272,0.927,8008649,143.49
Marshall,2013,2,242,0.00,907896.00,Conference USA,959,356010.97,0.559,0.689,8793121,147.08
Marshall,2014,1,107,1.94,905771.88,Conference USA,970,356010.97,0.581,0.087,9047597,128.95
Marshall,2015,0,0,0.00,902116.00,Conference USA,968,356010.97,0.574,0.027,9277508,164.29
Memphis,2006,2,291,0.00,1518433.00,Conference USA,955,594526.38,0.978,1.167,7597544,27.59
Memphis,2007,1,106,0.00,1629479.38,Conference USA,948,594526.38,0.574,0.105,8567015,128.75
Memphis,2008,2,991,0.00,1644930.00,Conference USA,953,594526.38,0.574,0.685,9144317,117.27
Memphis,2009,1,885,0.00,1584589.38,Conference USA,940,594526.38,0.875,0.845,12770529,109.55
Memphis,2010,1,885,0.00,1465648.00,Conference USA,932,594526.38,1.022,1.197,9358242,94.57
Memphis,2011,3,1181,0.00,1477548.75,Conference USA,937,594526.38,1.029,0.065,13681730,84.38
Memphis,2012,3,1029,0.00,1490637.38,Conference USA,940,594526.38,1.007,0.042,11613830,121.04
Memphis,2013,4,1189,0.00,1499994.38,AAC,951,594526.38,0.500,0.889,12143804,146.77
Memphis,2014,6,1885,0.06,1464331.00,AAC,968,594526.38,0.890,0.848,13390389,130.01
Memphis,2015,6,2222,1.88,956088.00,AAC,965,594526.38,1.118,1.378,14814121,172.54
Miami (OH),2007,1,113,0.00,560178.69,MAC,966,1550422.88,5.691,0.000,6081672,60.25
Miami (OH),2008,2,506,0.00,474416.84,MAC,970,1550422.88,6.500,0.000,5899456,68.50
Miami (OH),2009,2,509,0.00,465717.97,MAC,970,1550422.88,7.397,0.000,7628704,72.08
Miami (OH),2010,2,509,0.00,432897.84,MAC,967,1550422.88,7.691,0.000,7555220,70.84
Miami (OH),2011,3,975,0.00,398380.63,MAC,960,1550422.88,7.647,0.000,6731752,94.07
Miami (OH),2012,2,582,0.00,436645.13,MAC,959,1550422.88,6.676,0.000,7143486,127.03
Miami (OH),2013,1,466,0.00,457704.78,MAC,966,1550422.88,6.176,0.000,7312701,105.20
Miami (OH),2014,1,466,0.00,465295.66,MAC,969,1550422.88,6.250,0.000,8180837,129.69
Miami (OH),2015,0,0,0.00,500131.41,MAC,976,1550422.88,6.265,0.000,7613028,138.32
Middle Tennessee,2006,0,0,0.00,2029588.63,Sun Belt,902,1026288.00,1.544,2.104,6868376,23.82
Middle Tennessee,2007,0,0,0.00,2058575.63,Sun Belt,945,1026288.00,1.574,1.838,6322827,124.79
Middle Tennessee,2008,0,0,0.00,2082470.38,Sun Belt,967,1026288.00,1.574,0.707,6071897,97.77
Middle Tennessee,2009,0,0,0.00,1913281.25,Sun Belt,979,1026288.00,1.890,0.231,7334815,99.28
Middle Tennessee,2010,0,0,0.00,1923663.13,Sun Belt,983,1026288.00,1.882,0.348,8203248,92.75
Middle Tennessee,2011,0,0,0.00,1939282.75,Sun Belt,972,1026288.00,1.904,0.738,8039971,55.56
Middle Tennessee,2012,0,0,0.00,1956461.50,Sun Belt,972,1026288.00,1.544,0.395,8134651,105.47
Middle Tennessee,2013,0,0,0.00,1950457.13,Conference USA,973,1026288.00,1.787,0.084,9196713,149.84
Middle Tennessee,2014,0,0,0.00,1955417.63,Conference USA,974,1026288.00,1.860,0.020,9063944,135.97
Middle Tennessee,2015,0,0,0.00,2161590.25,Conference USA,983,1026288.00,1.860,1.841,10167835,88.46
Nevada,2007,4,1330,0.00,2601072.00,WAC,945,406825.00,0.000,0.988,6284148,93.48
Nevada,2008,8,1998,0.00,2653630.00,WAC,946,406825.00,0.000,0.894,5304774,97.84
Nevada,2009,9,2295,0.00,2684665.00,WAC,943,406825.00,0.000,1.444,6241422,81.94
Nevada,2010,10,2948,4.56,2700551.00,WAC,949,406825.00,0.000,1.580,6607907,83.33
Nevada,2011,7,1727,0.00,2718379.00,WAC,942,406825.00,0.000,2.057,4974586,86.13
Nevada,2012,3,1059,0.00,2752565.00,Mountain West,930,406825.00,0.000,1.821,6219050,89.62
Nevada,2013,1,653,0.00,2786464.00,Mountain West,943,406825.00,0.000,1.739,6498321,113.23
Nevada,2014,1,670,0.00,2833013.00,Mountain West,949,406825.00,0.000,1.141,8260695,120.06
Nevada,2015,1,670,0.00,2883758.00,Mountain West,969,406825.00,0.000,0.805,9736900,144.64
Nevada-Las Vegas,2007,0,0,0.00,2601072.00,Mountain West,929,1880958.63,0.000,0.899,8789411,83.93
Nevada-Las Vegas,2008,0,0,0.00,2653630.00,Mountain West,934,1880958.63,0.000,0.875,5094958,113.89
Nevada-Las Vegas,2009,0,0,0.00,2684665.00,Mountain West,947,1880958.63,0.000,0.920,6106979,86.81
Nevada-Las Vegas,2010,0,0,0.00,2700551.00,Mountain West,947,1880958.63,0.000,2.280,8871426,104.85
Nevada-Las Vegas,2011,0,0,0.00,2718379.00,Mountain West,932,1880958.63,0.000,2.475,7321366,88.98
Nevada-Las Vegas,2012,0,0,0.00,2752565.00,Mountain West,930,1880958.63,0.000,1.258,7722354,107.99
Nevada-Las Vegas,2013,0,0,0.00,2786464.00,Mountain West,937,1880958.63,0.000,0.336,8483175,104.57
Nevada-Las Vegas,2014,0,0,0.00,2833013.00,Mountain West,936,1880958.63,0.000,0.486,8963328,132.75
Nevada-Las Vegas,2015,0,0,0.00,2883758.00,Mountain West,943,1880958.63,0.000,1.738,9359657,136.45
New Mexico,2007,4,773,0.00,1990070.00,Mountain West,932,244494.95,0.000,0.468,6572798,93.32
New Mexico,2008,3,504,0.00,2010662.00,Mountain West,934,244494.95,0.000,0.609,8768177,88.78
New Mexico,2009,1,120,0.00,2036802.00,Mountain West,947,244494.95,0.000,1.242,7755126,83.14
New Mexico,2010,0,0,0.00,2059179.00,Mountain West,943,244494.95,0.000,1.972,7260350,91.30
New Mexico,2011,0,0,0.00,2077756.00,Mountain West,942,244494.95,0.000,2.436,8536899,121.96
New Mexico,2012,0,0,0.00,2083784.00,Mountain West,952,244494.95,0.000,2.619,8058016,103.98
New Mexico,2013,0,0,0.00,2085193.00,Mountain West,945,244494.95,0.000,1.242,8163789,109.80
New Mexico,2014,1,120,0.00,2083024.00,Mountain West,951,244494.95,0.000,1.245,7684850,95.54
New Mexico,2015,1,120,0.00,2080328.00,Mountain West,958,244494.95,0.000,1.336,9137178,157.08
New Mexico St.,2007,1,204,0.00,947652.38,WAC,905,83132.34,0.662,1.098,6882603,19.80
New Mexico St.,2008,2,339,0.00,956997.75,WAC,918,83132.34,0.588,0.802,7136265,76.70
New Mexico St.,2009,3,471,0.00,968964.06,WAC,918,83132.34,0.272,2.005,5844601,76.58
New Mexico St.,2010,3,471,0.00,979119.44,WAC,918,83132.34,0.257,1.177,5970043,19.80
New Mexico St.,2011,2,267,0.00,1028277.19,WAC,916,83132.34,0.250,0.977,6490532,63.94
New Mexico St.,2012,1,132,0.00,1041892.00,WAC,915,83132.34,0.272,0.686,6779996,82.22
New Mexico St.,2013,0,0,0.00,1042596.50,Independent,931,83132.34,0.250,1.331,7129101,92.38
New Mexico St.,2014,1,202,0.00,1041512.00,Sun Belt,935,83132.34,0.272,1.405,6381680,91.92
New Mexico St.,2015,1,202,0.00,1040164.00,Sun Belt,950,83132.34,0.272,1.082,7141189,132.06
North Texas,2007,0,0,0.00,4203171.50,Sun Belt,911,3013709.75,2.051,1.698,3325200,26.46
North Texas,2008,0,0,0.00,4185382.25,Sun Belt,927,3013709.75,2.051,1.669,4793076,94.48
North Texas,2009,0,0,0.00,3527681.50,Sun Belt,932,3013709.75,2.059,0.581,4768731,85.46
North Texas,2010,0,0,0.00,2956508.50,Sun Belt,938,3013709.75,2.162,0.254,7418380,72.06
North Texas,2011,0,0,0.00,2111799.50,Sun Belt,951,3013709.75,2.206,1.195,8150211,63.55
North Texas,2012,0,0,0.00,2180129.75,Sun Belt,954,3013709.75,2.243,1.769,8506909,105.48
North Texas,2013,0,0,0.00,2183615.50,Conference USA,970,3013709.75,2.169,0.848,9283536,158.80
North Texas,2014,0,0,0.00,2241583.75,Conference USA,984,3013709.75,2.044,0.901,8356657,116.92
North Texas,2015,0,0,0.00,2126665.00,Conference USA,979,3013709.75,2.110,0.346,12763221,83.28
Northern Illinois,2007,1,832,0.00,1493631.25,MAC,947,2813376.00,2.493,0.908,6115940,72.15
Northern Illinois,2008,2,936,0.00,1380696.63,MAC,975,2813376.00,2.485,0.956,5672148,79.60
Northern Illinois,2009,1,104,0.00,1278373.38,MAC,987,2813376.00,2.456,0.962,3016325,84.31
Northern Illinois,2010,3,905,0.13,1296428.50,MAC,987,2813376.00,2.404,0.235,4500296,103.92
Northern Illinois,2011,4,1022,0.00,1205237.88,MAC,974,2813376.00,2.471,0.719,7534387,111.98
Northern Illinois,2012,3,918,1.44,1042126.38,MAC,968,2813376.00,2.199,0.804,8406701,97.06
Northern Illinois,2013,4,1223,2.94,1112477.25,MAC,970,2813376.00,2.581,0.342,8456884,64.56
Northern Illinois,2014,2,422,0.00,1129945.63,MAC,970,2813376.00,2.603,0.463,8276320,114.72
Northern Illinois,2015,3,950,0.00,1105647.25,MAC,976,2813376.00,2.537,1.862,9202985,139.25
Notre Dame,2006,16,5407,16.88,614408.81,Independent,969,587562.69,2.735,4.370,74911808,108.06
Notre Dame,2007,10,3807,0.00,791513.50,Independent,974,587562.69,2.699,4.149,68314112,235.46
Notre Dame,2008,10,4037,0.00,892083.88,Independent,978,587562.69,2.603,3.666,62697572,239.52
Notre Dame,2009,15,5719,1.25,882864.50,Independent,971,587562.69,2.397,3.896,70898416,168.32
Notre Dame,2010,19,7492,0.00,1131166.88,Independent,970,587562.69,2.331,3.964,74763656,166.05
Notre Dame,2011,19,7023,1.00,1368178.75,Independent,973,587562.69,2.081,3.045,72694056,282.80
Notre Dame,2012,22,9055,17.69,1589376.13,Independent,972,587562.69,1.816,5.381,80855656,274.05
Notre Dame,2013,18,7777,2.71,1520770.63,Independent,978,587562.69,2.140,3.856,81952104,295.57
Notre Dame,2014,14,6903,11.47,1363571.38,Independent,975,587562.69,2.257,4.256,86212200,246.29
Notre Dame,2015,19,8534,17.25,1390668.00,Independent,969,587562.69,2.272,4.125,98532896,241.92
Ohio,2007,3,1017,0.00,604333.56,MAC,949,148726.81,1.272,1.207,5699112,13.29
Ohio,2008,3,1021,0.00,520321.19,MAC,953,148726.81,1.279,0.104,6655968,66.15
Ohio,2009,3,585,0.00,552755.31,MAC,950,148726.81,1.265,0.816,8251819,80.84
Ohio,2010,3,383,0.00,576528.00,MAC,949,148726.81,1.235,0.001,7343006,68.71
Ohio,2011,3,383,0.00,516773.38,MAC,945,148726.81,1.235,0.199,9175571,81.66
Ohio,2012,2,250,0.25,585693.38,MAC,941,148726.81,1.221,0.602,8166932,71.71
Ohio,2013,3,670,0.00,627329.31,MAC,955,148726.81,1.206,0.174,8562491,117.01
Ohio,2014,3,664,0.00,621922.25,MAC,964,148726.81,1.213,0.078,8019259,105.11
Ohio,2015,3,664,0.00,622154.69,MAC,974,148726.81,1.632,0.098,9616278,101.59
Rice,2008,3,470,0.00,5799024.00,Conference USA,987,1442870.00,1.949,1.466,13967174,91.03
Rice,2009,3,789,0.00,6346142.50,Conference USA,983,1442870.00,1.904,0.685,13652133,69.01
Rice,2010,4,1131,0.00,5211793.50,Conference USA,986,1442870.00,2.309,1.790,13328102,81.71
Rice,2011,5,1260,0.00,5326980.00,Conference USA,979,1442870.00,2.412,1.628,11743433,89.39
Rice,2012,4,1129,0.00,3746593.50,Conference USA,975,1442870.00,2.603,0.459,11072851,109.97
Rice,2013,2,471,0.00,3317741.50,Conference USA,973,1442870.00,2.581,0.694,11742099,113.79
Rice,2014,1,129,0.00,2619628.50,Conference USA,974,1442870.00,2.676,0.805,13023473,133.54
Rice,2015,0,0,0.00,2387304.25,Conference USA,984,1442870.00,2.184,1.129,11650472,144.16
San Diego State,2007,0,0,0.00,36250312.00,Mountain West,914,2467547.25,0.000,1.164,11628623,117.81
San Diego State,2008,0,0,0.00,36604336.00,Mountain West,931,2467547.25,0.000,1.172,13140845,131.79
San Diego State,2009,0,0,0.00,36961228.00,Mountain West,934,2467547.25,0.000,0.922,12026651,145.04
San Diego State,2010,0,0,0.00,37253956.00,Mountain West,949,2467547.25,0.000,1.251,15658513,160.86
San Diego State,2011,0,0,0.00,37676860.00,Mountain West,956,2467547.25,0.000,1.858,12853829,119.38
San Diego State,2012,0,0,0.00,38011072.00,Mountain West,960,2467547.25,0.000,1.269,10502960,135.97
San Diego State,2013,0,0,0.00,38335204.00,Mountain West,964,2467547.25,0.000,2.549,12037076,123.85
San Diego State,2014,0,0,0.00,38680808.00,Mountain West,962,2467547.25,0.000,1.318,12472320,131.67
San Diego State,2015,0,0,0.00,38993940.00,Mountain West,955,2467547.25,0.000,0.648,14253337,165.98
San Jose State,2007,0,0,0.00,3744866.75,WAC,888,5135831.50,4.382,1.097,4552397,126.74
San Jose State,2008,0,0,0.00,3595068.75,WAC,910,5135831.50,4.368,0.794,4933571,92.09
San Jose State,2009,0,0,0.00,3582789.75,WAC,931,5135831.50,4.279,2.957,6643772,79.57
San Jose State,2010,0,0,0.00,3238023.00,WAC,959,5135831.50,4.897,2.570,7731438,44.52
San Jose State,2011,0,0,0.00,3520862.75,WAC,963,5135831.50,5.147,0.635,6081125,93.62
San Jose State,2012,0,0,0.44,2882778.75,WAC,967,5135831.50,5.338,0.453,7818019,104.09
San Jose State,2013,0,0,0.00,2873659.00,Mountain West,975,5135831.50,4.441,0.881,6783798,77.78
San Jose State,2015,0,0,0.00,2496019.75,Mountain West,958,5135831.50,4.426,1.736,8098929,140.49
South Florida,2007,11,4106,6.31,9183921.00,Big East,909,1140299.25,0.287,2.503,16202657,59.28
South Florida,2008,9,3213,5.53,9263652.00,Big East,930,1140299.25,0.287,1.851,15588122,97.77
South Florida,2009,11,3471,0.69,9326322.00,Big East,952,1140299.25,0.272,2.910,18300984,154.25
South Florida,2010,7,1449,0.00,9400655.00,Big East,963,1140299.25,0.257,4.014,18497632,130.19
South Florida,2011,6,980,1.75,9262022.00,Big East,970,1140299.25,0.566,2.765,17736814,152.47
South Florida,2012,6,980,0.00,9381916.00,Big East,973,1140299.25,0.618,1.566,16816440,154.98
South Florida,2013,6,872,0.00,9497281.00,AAC,970,1140299.25,0.574,1.363,14130577,128.07
South Florida,2014,7,1176,0.00,6767696.50,AAC,958,1140299.25,0.728,1.222,10705445,222.52
South Florida,2015,5,920,0.00,6888894.50,AAC,965,1140299.25,0.743,1.292,9779081,182.46
Southern Methodist,2007,0,0,0.00,3573011.00,Conference USA,947,1481635.63,2.338,0.373,12210142,84.52
Southern Methodist,2008,0,0,0.00,3570615.50,Conference USA,947,1481635.63,2.338,0.394,12248007,134.26
Southern Methodist,2009,0,0,0.00,3088402.25,Conference USA,939,1481635.63,2.331,0.501,13804744,98.61
Southern Methodist,2010,0,0,0.00,2645465.75,Conference USA,941,1481635.63,2.419,0.797,13662996,122.19
Southern Methodist,2011,0,0,0.00,1943515.38,Conference USA,945,1481635.63,2.765,0.992,13871021,64.64
Southern Methodist,2012,0,0,0.00,1888686.00,Conference USA,944,1481635.63,2.963,1.101,15053391,117.93
Southern Methodist,2013,0,0,0.00,1893755.13,AAC,947,1481635.63,2.912,2.149,13161671,123.62
Southern Methodist,2014,0,0,0.00,1663885.13,AAC,945,1481635.63,2.904,2.140,16464831,159.25
Southern Methodist,2015,0,0,0.00,1350806.38,AAC,951,1481635.63,3.037,1.593,17267570,177.12
Southern Mississippi,2007,0,0,0.00,1464175.00,Conference USA,944,109799.76,0.287,1.285,5970086,141.15
Southern Mississippi,2008,0,0,0.00,1473903.00,Conference USA,938,109799.76,0.287,1.046,6112705,95.96
Southern Mississippi,2009,0,0,0.00,1479387.00,Conference USA,928,109799.76,0.272,0.878,6193858,109.50
Southern Mississippi,2010,0,0,0.00,1483648.50,Conference USA,930,109799.76,0.257,0.880,6961464,117.82
Southern Mississippi,2011,0,0,1.06,1489081.00,Conference USA,942,109799.76,0.250,0.174,7752637,136.68
Southern Mississippi,2012,0,0,0.00,1492472.50,Conference USA,940,109799.76,0.272,1.985,7581868,153.94
Southern Mississippi,2013,0,0,0.00,1495241.00,Conference USA,949,109799.76,0.250,2.064,7523848,190.75
Southern Mississippi,2014,0,0,0.00,1496200.00,Conference USA,955,109799.76,0.272,2.014,7638700,183.50
Southern Mississippi,2015,0,0,0.00,1494695.00,Conference USA,957,109799.76,0.272,0.862,8642689,191.15
Temple,2007,3,1620,0.00,2042916.63,MAC,891,3044884.75,8.779,0.467,10496128,78.82
Temple,2008,6,2417,0.00,1833504.00,MAC,926,3044884.75,7.985,0.440,8851957,120.41
Temple,2009,5,2005,0.00,1836319.63,MAC,937,3044884.75,7.831,0.719,11153160,90.32
Temple,2010,5,2005,0.00,1833527.88,MAC,959,3044884.75,7.434,0.725,10977343,53.00
Temple,2011,3,797,0.00,1845069.25,MAC,963,3044884.75,6.750,0.688,17873546,77.53
Temple,2012,3,544,0.00,1849059.50,Big East,963,3044884.75,7.103,1.914,13604257,131.64
Temple,2013,6,2019,0.00,2080184.25,AAC,969,3044884.75,7.346,1.058,13114771,128.86
Temple,2014,8,2281,0.00,2365047.75,AAC,971,3044884.75,7.478,1.114,14261765,82.03
Temple,2015,11,3233,1.63,2365295.50,AAC,972,3044884.75,7.478,1.110,18842502,141.31
Texas-El Paso,2008,0,0,0.00,12154520.00,Conference USA,928,147400.64,0.287,1.549,11266199,63.41
Texas-El Paso,2009,0,0,0.00,12400880.00,Conference USA,918,147400.64,0.272,1.782,10551473,58.88
Texas-El Paso,2010,0,0,0.00,12572780.00,Conference USA,911,147400.64,0.257,0.216,11603763,112.64
Texas-El Paso,2011,0,0,0.00,12823194.00,Conference USA,917,147400.64,0.250,0.295,10367448,120.39
Texas-El Paso,2015,2,798,0.00,13714820.00,Conference USA,980,147400.64,0.272,0.539,11636472,150.87
Toledo,2007,2,587,0.00,535902.50,MAC,908,1396430.38,7.074,0.448,5075849,29.44
Toledo,2008,0,0,0.00,574319.25,MAC,934,1396430.38,6.338,1.301,6451006,82.91
Toledo,2009,0,0,0.00,654216.44,MAC,943,1396430.38,6.294,1.827,6117749,94.07
Toledo,2010,0,0,0.00,850981.69,MAC,960,1396430.38,5.794,0.786,6910565,70.41
Toledo,2011,0,0,0.00,863414.00,MAC,963,1396430.38,5.971,2.373,6714627,109.58
Toledo,2012,0,0,0.19,786267.63,MAC,974,1396430.38,6.397,0.467,8006759,117.60
Toledo,2013,3,668,0.00,918406.00,MAC,970,1396430.38,6.353,1.821,7521105,128.48
Toledo,2014,4,774,0.00,844797.00,MAC,974,1396430.38,6.485,0.835,8179873,131.44
Toledo,2015,6,1354,1.69,718445.25,MAC,981,1396430.38,6.426,0.499,9313584,149.24
Troy,2007,6,2174,0.00,440418.47,Sun Belt,945,53569.94,0.971,2.560,4246238,6.67
Troy,2008,6,1435,0.00,425412.03,Sun Belt,940,53569.94,0.919,2.766,4956111,90.91
Troy,2009,5,952,0.00,403006.00,Sun Belt,932,53569.94,0.934,1.308,5951852,91.49
Troy,2010,2,506,0.00,414329.22,Sun Belt,930,53569.94,0.801,0.371,5236699,86.53
Troy,2011,1,146,0.00,424036.47,Sun Belt,921,53569.94,0.904,0.534,5133879,91.69
Troy,2012,0,0,0.00,470441.22,Sun Belt,931,53569.94,0.875,0.284,6891940,137.40
Troy,2013,1,351,0.00,678926.75,Sun Belt,937,53569.94,0.846,0.214,5895789,144.61
Troy,2014,1,351,0.00,584525.81,Sun Belt,937,53569.94,0.801,0.747,6969846,172.43
Troy,2015,1,351,0.00,472842.69,Sun Belt,955,53569.94,0.904,0.994,7534913,117.28
Tulane,2007,2,776,0.00,284313.25,Conference USA,963,434810.72,1.978,1.153,8451846,108.31
Tulane,2008,1,195,0.00,242877.77,Conference USA,967,434810.72,1.985,1.684,5545698,126.36
Tulane,2009,0,0,0.00,232163.23,Conference USA,970,434810.72,1.971,1.471,7388902,111.61
Tulane,2010,1,181,0.00,241746.61,Conference USA,967,434810.72,1.971,0.371,7257668,82.95
Tulane,2011,3,432,0.00,237970.08,Conference USA,960,434810.72,1.949,0.232,9476753,100.71
Tulane,2012,3,432,0.00,231004.97,Conference USA,968,434810.72,1.985,0.474,10714651,85.40
Tulane,2013,4,569,0.00,226761.50,Conference USA,972,434810.72,1.985,0.050,6699591,97.06
Tulane,2014,5,654,0.00,246478.48,AAC,970,434810.72,1.985,0.882,8989749,150.56
Tulane,2015,4,529,0.00,260271.95,AAC,967,434810.72,1.963,0.562,3215000,145.27
Tulsa,2007,2,261,0.00,582427.75,Conference USA,931,323812.09,1.485,1.366,9321691,107.69
Tulsa,2008,1,140,0.71,564896.75,Conference USA,939,323812.09,1.074,0.207,9683829,103.19
Tulsa,2009,1,140,0.00,454834.03,Conference USA,927,323812.09,1.551,1.971,7006448,105.54
Tulsa,2010,1,140,0.13,433708.03,Conference USA,925,323812.09,1.493,0.956,10588766,126.20
Tulsa,2011,0,0,0.00,331170.94,Conference USA,929,323812.09,1.721,2.274,8372622,88.58
Tulsa,2012,0,0,0.00,217157.91,Conference USA,934,323812.09,1.853,0.627,11343672,120.23
Tulsa,2013,0,0,0.00,231670.34,Conference USA,941,323812.09,1.838,1.444,10181283,137.20
Tulsa,2014,0,0,0.00,212050.73,AAC,944,323812.09,1.779,1.650,15123804,174.21
Tulsa,2015,0,0,0.00,231375.58,AAC,942,323812.09,1.485,1.983,13090492,172.19
Utah State,2007,0,0,0.00,557456.25,WAC,931,51477.93,0.860,2.182,4800543,75.17
Utah State,2008,0,0,0.00,568189.38,WAC,938,51477.93,0.287,1.289,5218588,90.83
Utah State,2009,0,0,0.00,391342.03,WAC,946,51477.93,0.824,1.164,5043015,108.15
Utah State,2010,0,0,0.00,357939.72,WAC,959,51477.93,0.860,2.123,5184682,41.79
Utah State,2011,0,0,0.00,422200.97,WAC,967,51477.93,0.919,0.951,6197926,40.78
Utah State,2012,0,0,1.56,428146.59,WAC,988,51477.93,0.824,1.072,6897613,75.98
Utah State,2013,0,0,0.00,435175.13,Mountain West,985,51477.93,0.801,2.309,6382036,76.17
Utah State,2014,0,0,0.00,444221.78,Mountain West,978,51477.93,0.272,0.929,8000075,84.41
Utah State,2015,0,0,0.00,617014.63,Mountain West,970,51477.93,0.684,1.229,8288817,127.94
Western Kentucky,2015,0,0,0.19,581249.19,Conference USA,955,69692.72,2.735,1.224,7648174,126.31
Western Michigan,2007,0,0,0.00,332821.44,MAC,932,649498.06,3.118,1.122,2883316,84.27
Western Michigan,2008,0,0,0.00,349819.53,MAC,956,649498.06,3.103,0.334,6171711,77.98
Western Michigan,2009,0,0,0.00,417357.38,MAC,963,649498.06,2.985,1.192,5597614,85.24
Western Michigan,2010,0,0,0.00,490892.50,MAC,954,649498.06,2.765,0.621,7512343,95.69
Western Michigan,2011,0,0,0.00,495855.41,MAC,957,649498.06,2.919,0.623,7426186,93.25
Western Michigan,2012,0,0,0.00,523505.50,MAC,958,649498.06,3.206,0.186,7721795,88.37
Western Michigan,2013,0,0,0.00,584775.44,MAC,955,649498.06,3.015,0.796,7462626,116.96
Western Michigan,2014,0,0,0.00,536283.19,MAC,964,649498.06,3.125,0.637,8049539,123.17
Western Michigan,2015,0,0,0.00,432933.66,MAC,958,649498.06,3.132,1.863,8577674,146.63
Wyoming,2007,1,227,0.00,83443.99,Mountain West,939,66393.60,0.912,0.992,7952318,83.82
Wyoming,2008,1,227,0.00,106623.78,Mountain West,928,66393.60,0.904,1.407,9683411,73.52
Wyoming,2009,1,227,0.00,174175.86,Mountain West,933,66393.60,0.544,2.210,10105218,94.90
Wyoming,2010,3,589,0.00,183462.16,Mountain West,936,66393.60,0.515,3.292,9432071,58.87
Wyoming,2011,3,476,0.00,184796.39,Mountain West,938,66393.60,0.500,1.711,7596883,89.64
Wyoming,2012,3,476,0.00,192255.00,Mountain West,955,66393.60,0.544,2.409,8052612,124.82
Wyoming,2013,5,766,0.00,194228.00,Mountain West,960,66393.60,0.500,1.754,9792573,110.78
Wyoming,2014,4,1334,0.00,194547.33,Mountain West,960,66393.60,0.544,3.028,11019251,124.54
Wyoming,2015,4,1356,0.00,187850.95,Mountain West,964,66393.60,0.890,0.983,10714937,138.94